Symlinking /home/crumb/MEHATRONIKA/project_ws/devel/share/common-lisp/ros/webots_ros/msg/RecognitionObjects.lisp
Symlinking /home/crumb/MEHATRONIKA/project_ws/devel/share/common-lisp/ros/webots_ros/msg/_package.lisp
Symlinking /home/crumb/MEHATRONIKA/project_ws/devel/share/common-lisp/ros/webots_ros/msg/_package_RadarTarget.lisp
Symlinking /home/crumb/MEHATRONIKA/project_ws/devel/share/common-lisp/ros/webots_ros/msg/Int32Stamped.lisp
Symlinking /home/crumb/MEHATRONIKA/project_ws/devel/share/common-lisp/ros/webots_ros/msg/_package_RecognitionObjects.lisp
Symlinking /home/crumb/MEHATRONIKA/project_ws/devel/share/common-lisp/ros/webots_ros/msg/RecognitionObject.lisp
Symlinking /home/crumb/MEHATRONIKA/project_ws/devel/share/common-lisp/ros/webots_ros/msg/Int8Stamped.lisp
Symlinking /home/crumb/MEHATRONIKA/project_ws/devel/share/common-lisp/ros/webots_ros/msg/Float64Stamped.lisp
Symlinking /home/crumb/MEHATRONIKA/project_ws/devel/share/common-lisp/ros/webots_ros/msg/_package_Int32Stamped.lisp
Symlinking /home/crumb/MEHATRONIKA/project_ws/devel/share/common-lisp/ros/webots_ros/msg/_package_ContactPoint.lisp
Symlinking /home/crumb/MEHATRONIKA/project_ws/devel/share/common-lisp/ros/webots_ros/msg/BoolStamped.lisp
Symlinking /home/crumb/MEHATRONIKA/project_ws/devel/share/common-lisp/ros/webots_ros/msg/_package_StringStamped.lisp
Symlinking /home/crumb/MEHATRONIKA/project_ws/devel/share/common-lisp/ros/webots_ros/msg/_package_BoolStamped.lisp
Symlinking /home/crumb/MEHATRONIKA/project_ws/devel/share/common-lisp/ros/webots_ros/msg/_package_Float64Stamped.lisp
Symlinking /home/crumb/MEHATRONIKA/project_ws/devel/share/common-lisp/ros/webots_ros/msg/webots_ros-msg.asd
Symlinking /home/crumb/MEHATRONIKA/project_ws/devel/share/common-lisp/ros/webots_ros/msg/RadarTarget.lisp
Symlinking /home/crumb/MEHATRONIKA/project_ws/devel/share/common-lisp/ros/webots_ros/msg/_package_Int8Stamped.lisp
Symlinking /home/crumb/MEHATRONIKA/project_ws/devel/share/common-lisp/ros/webots_ros/msg/ContactPoint.lisp
Symlinking /home/crumb/MEHATRONIKA/project_ws/devel/share/common-lisp/ros/webots_ros/msg/StringStamped.lisp
Symlinking /home/crumb/MEHATRONIKA/project_ws/devel/share/common-lisp/ros/webots_ros/msg/_package_RecognitionObject.lisp
Symlinking /home/crumb/MEHATRONIKA/project_ws/devel/share/common-lisp/ros/webots_ros/srv/_package_node_get_field_by_index.lisp
Symlinking /home/crumb/MEHATRONIKA/project_ws/devel/share/common-lisp/ros/webots_ros/srv/set_bool.lisp
Symlinking /home/crumb/MEHATRONIKA/project_ws/devel/share/common-lisp/ros/webots_ros/srv/get_float_array.lisp
Symlinking /home/crumb/MEHATRONIKA/project_ws/devel/share/common-lisp/ros/webots_ros/srv/supervisor_virtual_reality_headset_get_orientation.lisp
Symlinking /home/crumb/MEHATRONIKA/project_ws/devel/share/common-lisp/ros/webots_ros/srv/_package_node_get_field.lisp
Symlinking /home/crumb/MEHATRONIKA/project_ws/devel/share/common-lisp/ros/webots_ros/srv/_package_field_get_name.lisp
Symlinking /home/crumb/MEHATRONIKA/project_ws/devel/share/common-lisp/ros/webots_ros/srv/robot_get_device_list.lisp
Symlinking /home/crumb/MEHATRONIKA/project_ws/devel/share/common-lisp/ros/webots_ros/srv/node_reset_functions.lisp
Symlinking /home/crumb/MEHATRONIKA/project_ws/devel/share/common-lisp/ros/webots_ros/srv/_package_get_string.lisp
Symlinking /home/crumb/MEHATRONIKA/project_ws/devel/share/common-lisp/ros/webots_ros/srv/_package_node_get_center_of_mass.lisp
Symlinking /home/crumb/MEHATRONIKA/project_ws/devel/share/common-lisp/ros/webots_ros/srv/field_get_color.lisp
Symlinking /home/crumb/MEHATRONIKA/project_ws/devel/share/common-lisp/ros/webots_ros/srv/webots_ros-srv.asd
Symlinking /home/crumb/MEHATRONIKA/project_ws/devel/share/common-lisp/ros/webots_ros/srv/_package_gps_decimal_degrees_to_degrees_minutes_seconds.lisp
Symlinking /home/crumb/MEHATRONIKA/project_ws/devel/share/common-lisp/ros/webots_ros/srv/_package_node_set_visibility.lisp
Symlinking /home/crumb/MEHATRONIKA/project_ws/devel/share/common-lisp/ros/webots_ros/srv/supervisor_get_from_id.lisp
Symlinking /home/crumb/MEHATRONIKA/project_ws/devel/share/common-lisp/ros/webots_ros/srv/_package_node_get_id.lisp
Symlinking /home/crumb/MEHATRONIKA/project_ws/devel/share/common-lisp/ros/webots_ros/srv/supervisor_get_from_string.lisp
Symlinking /home/crumb/MEHATRONIKA/project_ws/devel/share/common-lisp/ros/webots_ros/srv/_package_node_set_string.lisp
Symlinking /home/crumb/MEHATRONIKA/project_ws/devel/share/common-lisp/ros/webots_ros/srv/field_get_bool.lisp
Symlinking /home/crumb/MEHATRONIKA/project_ws/devel/share/common-lisp/ros/webots_ros/srv/field_set_vec2f.lisp
Symlinking /home/crumb/MEHATRONIKA/project_ws/devel/share/common-lisp/ros/webots_ros/srv/_package_node_get_parent_node.lisp
Symlinking /home/crumb/MEHATRONIKA/project_ws/devel/share/common-lisp/ros/webots_ros/srv/_package_field_disable_sf_tracking.lisp
Symlinking /home/crumb/MEHATRONIKA/project_ws/devel/share/common-lisp/ros/webots_ros/srv/field_get_float.lisp
Symlinking /home/crumb/MEHATRONIKA/project_ws/devel/share/common-lisp/ros/webots_ros/srv/_package_supervisor_set_label.lisp
Symlinking /home/crumb/MEHATRONIKA/project_ws/devel/share/common-lisp/ros/webots_ros/srv/field_set_string.lisp
Symlinking /home/crumb/MEHATRONIKA/project_ws/devel/share/common-lisp/ros/webots_ros/srv/motor_set_control_pid.lisp
Symlinking /home/crumb/MEHATRONIKA/project_ws/devel/share/common-lisp/ros/webots_ros/srv/set_int.lisp
Symlinking /home/crumb/MEHATRONIKA/project_ws/devel/share/common-lisp/ros/webots_ros/srv/speaker_play_sound.lisp
Symlinking /home/crumb/MEHATRONIKA/project_ws/devel/share/common-lisp/ros/webots_ros/srv/_package_field_get_type.lisp
Symlinking /home/crumb/MEHATRONIKA/project_ws/devel/share/common-lisp/ros/webots_ros/srv/node_get_static_balance.lisp
Symlinking /home/crumb/MEHATRONIKA/project_ws/devel/share/common-lisp/ros/webots_ros/srv/_package_range_finder_get_info.lisp
Symlinking /home/crumb/MEHATRONIKA/project_ws/devel/share/common-lisp/ros/webots_ros/srv/_package_node_set_joint_position.lisp
Symlinking /home/crumb/MEHATRONIKA/project_ws/devel/share/common-lisp/ros/webots_ros/srv/field_set_int32.lisp
Symlinking /home/crumb/MEHATRONIKA/project_ws/devel/share/common-lisp/ros/webots_ros/srv/receiver_get_emitter_direction.lisp
Symlinking /home/crumb/MEHATRONIKA/project_ws/devel/share/common-lisp/ros/webots_ros/srv/field_get_type.lisp
Symlinking /home/crumb/MEHATRONIKA/project_ws/devel/share/common-lisp/ros/webots_ros/srv/_package_node_reset_functions.lisp
Symlinking /home/crumb/MEHATRONIKA/project_ws/devel/share/common-lisp/ros/webots_ros/srv/set_float.lisp
Symlinking /home/crumb/MEHATRONIKA/project_ws/devel/share/common-lisp/ros/webots_ros/srv/get_bool.lisp
Symlinking /home/crumb/MEHATRONIKA/project_ws/devel/share/common-lisp/ros/webots_ros/srv/_package_display_draw_text.lisp
Symlinking /home/crumb/MEHATRONIKA/project_ws/devel/share/common-lisp/ros/webots_ros/srv/get_string.lisp
Symlinking /home/crumb/MEHATRONIKA/project_ws/devel/share/common-lisp/ros/webots_ros/srv/_package.lisp
Symlinking /home/crumb/MEHATRONIKA/project_ws/devel/share/common-lisp/ros/webots_ros/srv/field_get_int32.lisp
Symlinking /home/crumb/MEHATRONIKA/project_ws/devel/share/common-lisp/ros/webots_ros/srv/display_draw_text.lisp
Symlinking /home/crumb/MEHATRONIKA/project_ws/devel/share/common-lisp/ros/webots_ros/srv/_package_display_draw_rectangle.lisp
Symlinking /home/crumb/MEHATRONIKA/project_ws/devel/share/common-lisp/ros/webots_ros/srv/_package_display_image_paste.lisp
Symlinking /home/crumb/MEHATRONIKA/project_ws/devel/share/common-lisp/ros/webots_ros/srv/_package_save_image.lisp
Symlinking /home/crumb/MEHATRONIKA/project_ws/devel/share/common-lisp/ros/webots_ros/srv/_package_get_urdf.lisp
Symlinking /home/crumb/MEHATRONIKA/project_ws/devel/share/common-lisp/ros/webots_ros/srv/node_get_orientation.lisp
Symlinking /home/crumb/MEHATRONIKA/project_ws/devel/share/common-lisp/ros/webots_ros/srv/node_get_pose.lisp
Symlinking /home/crumb/MEHATRONIKA/project_ws/devel/share/common-lisp/ros/webots_ros/srv/_package_get_int.lisp
Symlinking /home/crumb/MEHATRONIKA/project_ws/devel/share/common-lisp/ros/webots_ros/srv/node_move_viewpoint.lisp
Symlinking /home/crumb/MEHATRONIKA/project_ws/devel/share/common-lisp/ros/webots_ros/srv/node_disable_pose_tracking.lisp
Symlinking /home/crumb/MEHATRONIKA/project_ws/devel/share/common-lisp/ros/webots_ros/srv/field_set_rotation.lisp
Symlinking /home/crumb/MEHATRONIKA/project_ws/devel/share/common-lisp/ros/webots_ros/srv/get_urdf.lisp
Symlinking /home/crumb/MEHATRONIKA/project_ws/devel/share/common-lisp/ros/webots_ros/srv/set_float_array.lisp
Symlinking /home/crumb/MEHATRONIKA/project_ws/devel/share/common-lisp/ros/webots_ros/srv/_package_field_get_float.lisp
Symlinking /home/crumb/MEHATRONIKA/project_ws/devel/share/common-lisp/ros/webots_ros/srv/supervisor_movie_start_recording.lisp
Symlinking /home/crumb/MEHATRONIKA/project_ws/devel/share/common-lisp/ros/webots_ros/srv/_package_field_set_vec3f.lisp
Symlinking /home/crumb/MEHATRONIKA/project_ws/devel/share/common-lisp/ros/webots_ros/srv/field_get_count.lisp
Symlinking /home/crumb/MEHATRONIKA/project_ws/devel/share/common-lisp/ros/webots_ros/srv/_package_node_get_contact_points.lisp
Symlinking /home/crumb/MEHATRONIKA/project_ws/devel/share/common-lisp/ros/webots_ros/srv/_package_node_disable_contact_points_tracking.lisp
Symlinking /home/crumb/MEHATRONIKA/project_ws/devel/share/common-lisp/ros/webots_ros/srv/node_get_number_of_fields.lisp
Symlinking /home/crumb/MEHATRONIKA/project_ws/devel/share/common-lisp/ros/webots_ros/srv/_package_get_float_array.lisp
Symlinking /home/crumb/MEHATRONIKA/project_ws/devel/share/common-lisp/ros/webots_ros/srv/_package_display_draw_line.lisp
Symlinking /home/crumb/MEHATRONIKA/project_ws/devel/share/common-lisp/ros/webots_ros/srv/node_get_contact_points.lisp
Symlinking /home/crumb/MEHATRONIKA/project_ws/devel/share/common-lisp/ros/webots_ros/srv/_package_skin_get_bone_position.lisp
Symlinking /home/crumb/MEHATRONIKA/project_ws/devel/share/common-lisp/ros/webots_ros/srv/lidar_get_layer_range_image.lisp
Symlinking /home/crumb/MEHATRONIKA/project_ws/devel/share/common-lisp/ros/webots_ros/srv/field_set_color.lisp
Symlinking /home/crumb/MEHATRONIKA/project_ws/devel/share/common-lisp/ros/webots_ros/srv/_package_display_set_font.lisp
Symlinking /home/crumb/MEHATRONIKA/project_ws/devel/share/common-lisp/ros/webots_ros/srv/_package_node_get_static_balance.lisp
Symlinking /home/crumb/MEHATRONIKA/project_ws/devel/share/common-lisp/ros/webots_ros/srv/_package_field_import_node_from_string.lisp
Symlinking /home/crumb/MEHATRONIKA/project_ws/devel/share/common-lisp/ros/webots_ros/srv/_package_supervisor_get_from_string.lisp
Symlinking /home/crumb/MEHATRONIKA/project_ws/devel/share/common-lisp/ros/webots_ros/srv/_package_node_get_position.lisp
Symlinking /home/crumb/MEHATRONIKA/project_ws/devel/share/common-lisp/ros/webots_ros/srv/display_draw_line.lisp
Symlinking /home/crumb/MEHATRONIKA/project_ws/devel/share/common-lisp/ros/webots_ros/srv/display_draw_rectangle.lisp
Symlinking /home/crumb/MEHATRONIKA/project_ws/devel/share/common-lisp/ros/webots_ros/srv/_package_display_get_info.lisp
Symlinking /home/crumb/MEHATRONIKA/project_ws/devel/share/common-lisp/ros/webots_ros/srv/camera_get_info.lisp
Symlinking /home/crumb/MEHATRONIKA/project_ws/devel/share/common-lisp/ros/webots_ros/srv/_package_set_float.lisp
Symlinking /home/crumb/MEHATRONIKA/project_ws/devel/share/common-lisp/ros/webots_ros/srv/node_enable_contact_points_tracking.lisp
Symlinking /home/crumb/MEHATRONIKA/project_ws/devel/share/common-lisp/ros/webots_ros/srv/_package_camera_get_focus_info.lisp
Symlinking /home/crumb/MEHATRONIKA/project_ws/devel/share/common-lisp/ros/webots_ros/srv/_package_node_get_number_of_fields.lisp
Symlinking /home/crumb/MEHATRONIKA/project_ws/devel/share/common-lisp/ros/webots_ros/srv/_package_get_float.lisp
Symlinking /home/crumb/MEHATRONIKA/project_ws/devel/share/common-lisp/ros/webots_ros/srv/_package_node_disable_pose_tracking.lisp
Symlinking /home/crumb/MEHATRONIKA/project_ws/devel/share/common-lisp/ros/webots_ros/srv/field_set_vec3f.lisp
Symlinking /home/crumb/MEHATRONIKA/project_ws/devel/share/common-lisp/ros/webots_ros/srv/_package_node_add_force_or_torque.lisp
Symlinking /home/crumb/MEHATRONIKA/project_ws/devel/share/common-lisp/ros/webots_ros/srv/_package_field_set_float.lisp
Symlinking /home/crumb/MEHATRONIKA/project_ws/devel/share/common-lisp/ros/webots_ros/srv/_package_lidar_get_layer_point_cloud.lisp
Symlinking /home/crumb/MEHATRONIKA/project_ws/devel/share/common-lisp/ros/webots_ros/srv/_package_robot_set_mode.lisp
Symlinking /home/crumb/MEHATRONIKA/project_ws/devel/share/common-lisp/ros/webots_ros/srv/node_get_status.lisp
Symlinking /home/crumb/MEHATRONIKA/project_ws/devel/share/common-lisp/ros/webots_ros/srv/display_image_copy.lisp
Symlinking /home/crumb/MEHATRONIKA/project_ws/devel/share/common-lisp/ros/webots_ros/srv/_package_speaker_is_sound_playing.lisp
Symlinking /home/crumb/MEHATRONIKA/project_ws/devel/share/common-lisp/ros/webots_ros/srv/display_image_load.lisp
Symlinking /home/crumb/MEHATRONIKA/project_ws/devel/share/common-lisp/ros/webots_ros/srv/node_get_type.lisp
Symlinking /home/crumb/MEHATRONIKA/project_ws/devel/share/common-lisp/ros/webots_ros/srv/field_set_float.lisp
Symlinking /home/crumb/MEHATRONIKA/project_ws/devel/share/common-lisp/ros/webots_ros/srv/speaker_speak.lisp
Symlinking /home/crumb/MEHATRONIKA/project_ws/devel/share/common-lisp/ros/webots_ros/srv/skin_get_bone_name.lisp
Symlinking /home/crumb/MEHATRONIKA/project_ws/devel/share/common-lisp/ros/webots_ros/srv/_package_field_get_vec3f.lisp
Symlinking /home/crumb/MEHATRONIKA/project_ws/devel/share/common-lisp/ros/webots_ros/srv/_package_display_image_delete.lisp
Symlinking /home/crumb/MEHATRONIKA/project_ws/devel/share/common-lisp/ros/webots_ros/srv/node_get_field_by_index.lisp
Symlinking /home/crumb/MEHATRONIKA/project_ws/devel/share/common-lisp/ros/webots_ros/srv/_package_mouse_get_state.lisp
Symlinking /home/crumb/MEHATRONIKA/project_ws/devel/share/common-lisp/ros/webots_ros/srv/_package_field_get_string.lisp
Symlinking /home/crumb/MEHATRONIKA/project_ws/devel/share/common-lisp/ros/webots_ros/srv/display_image_delete.lisp
Symlinking /home/crumb/MEHATRONIKA/project_ws/devel/share/common-lisp/ros/webots_ros/srv/_package_field_set_color.lisp
Symlinking /home/crumb/MEHATRONIKA/project_ws/devel/share/common-lisp/ros/webots_ros/srv/field_remove.lisp
Symlinking /home/crumb/MEHATRONIKA/project_ws/devel/share/common-lisp/ros/webots_ros/srv/display_get_info.lisp
Symlinking /home/crumb/MEHATRONIKA/project_ws/devel/share/common-lisp/ros/webots_ros/srv/_package_field_get_rotation.lisp
Symlinking /home/crumb/MEHATRONIKA/project_ws/devel/share/common-lisp/ros/webots_ros/srv/pen_set_ink_color.lisp
Symlinking /home/crumb/MEHATRONIKA/project_ws/devel/share/common-lisp/ros/webots_ros/srv/_package_set_float_array.lisp
Symlinking /home/crumb/MEHATRONIKA/project_ws/devel/share/common-lisp/ros/webots_ros/srv/_package_skin_set_bone_position.lisp
Symlinking /home/crumb/MEHATRONIKA/project_ws/devel/share/common-lisp/ros/webots_ros/srv/_package_display_image_save.lisp
Symlinking /home/crumb/MEHATRONIKA/project_ws/devel/share/common-lisp/ros/webots_ros/srv/node_get_position.lisp
Symlinking /home/crumb/MEHATRONIKA/project_ws/devel/share/common-lisp/ros/webots_ros/srv/node_set_velocity.lisp
Symlinking /home/crumb/MEHATRONIKA/project_ws/devel/share/common-lisp/ros/webots_ros/srv/display_draw_pixel.lisp
Symlinking /home/crumb/MEHATRONIKA/project_ws/devel/share/common-lisp/ros/webots_ros/srv/node_add_force_or_torque.lisp
Symlinking /home/crumb/MEHATRONIKA/project_ws/devel/share/common-lisp/ros/webots_ros/srv/_package_display_image_copy.lisp
Symlinking /home/crumb/MEHATRONIKA/project_ws/devel/share/common-lisp/ros/webots_ros/srv/field_get_string.lisp
Symlinking /home/crumb/MEHATRONIKA/project_ws/devel/share/common-lisp/ros/webots_ros/srv/field_get_name.lisp
Symlinking /home/crumb/MEHATRONIKA/project_ws/devel/share/common-lisp/ros/webots_ros/srv/display_draw_polygon.lisp
Symlinking /home/crumb/MEHATRONIKA/project_ws/devel/share/common-lisp/ros/webots_ros/srv/field_enable_sf_tracking.lisp
Symlinking /home/crumb/MEHATRONIKA/project_ws/devel/share/common-lisp/ros/webots_ros/srv/_package_robot_wait_for_user_input_event.lisp
Symlinking /home/crumb/MEHATRONIKA/project_ws/devel/share/common-lisp/ros/webots_ros/srv/lidar_get_layer_point_cloud.lisp
Symlinking /home/crumb/MEHATRONIKA/project_ws/devel/share/common-lisp/ros/webots_ros/srv/skin_get_bone_orientation.lisp
Symlinking /home/crumb/MEHATRONIKA/project_ws/devel/share/common-lisp/ros/webots_ros/srv/_package_supervisor_get_from_def.lisp
Symlinking /home/crumb/MEHATRONIKA/project_ws/devel/share/common-lisp/ros/webots_ros/srv/_package_field_get_vec2f.lisp
Symlinking /home/crumb/MEHATRONIKA/project_ws/devel/share/common-lisp/ros/webots_ros/srv/_package_speaker_speak.lisp
Symlinking /home/crumb/MEHATRONIKA/project_ws/devel/share/common-lisp/ros/webots_ros/srv/field_set_bool.lisp
Symlinking /home/crumb/MEHATRONIKA/project_ws/devel/share/common-lisp/ros/webots_ros/srv/_package_lidar_get_frequency_info.lisp
Symlinking /home/crumb/MEHATRONIKA/project_ws/devel/share/common-lisp/ros/webots_ros/srv/node_get_id.lisp
Symlinking /home/crumb/MEHATRONIKA/project_ws/devel/share/common-lisp/ros/webots_ros/srv/display_image_save.lisp
Symlinking /home/crumb/MEHATRONIKA/project_ws/devel/share/common-lisp/ros/webots_ros/srv/field_get_vec3f.lisp
Symlinking /home/crumb/MEHATRONIKA/project_ws/devel/share/common-lisp/ros/webots_ros/srv/_package_camera_get_zoom_info.lisp
Symlinking /home/crumb/MEHATRONIKA/project_ws/devel/share/common-lisp/ros/webots_ros/srv/_package_field_remove_node.lisp
Symlinking /home/crumb/MEHATRONIKA/project_ws/devel/share/common-lisp/ros/webots_ros/srv/_package_field_get_count.lisp
Symlinking /home/crumb/MEHATRONIKA/project_ws/devel/share/common-lisp/ros/webots_ros/srv/_package_field_get_int32.lisp
Symlinking /home/crumb/MEHATRONIKA/project_ws/devel/share/common-lisp/ros/webots_ros/srv/_package_skin_get_bone_name.lisp
Symlinking /home/crumb/MEHATRONIKA/project_ws/devel/share/common-lisp/ros/webots_ros/srv/_package_field_set_vec2f.lisp
Symlinking /home/crumb/MEHATRONIKA/project_ws/devel/share/common-lisp/ros/webots_ros/srv/node_disable_contact_points_tracking.lisp
Symlinking /home/crumb/MEHATRONIKA/project_ws/devel/share/common-lisp/ros/webots_ros/srv/node_get_string.lisp
Symlinking /home/crumb/MEHATRONIKA/project_ws/devel/share/common-lisp/ros/webots_ros/srv/node_add_force_with_offset.lisp
Symlinking /home/crumb/MEHATRONIKA/project_ws/devel/share/common-lisp/ros/webots_ros/srv/_package_node_enable_contact_points_tracking.lisp
Symlinking /home/crumb/MEHATRONIKA/project_ws/devel/share/common-lisp/ros/webots_ros/srv/_package_set_int.lisp
Symlinking /home/crumb/MEHATRONIKA/project_ws/devel/share/common-lisp/ros/webots_ros/srv/_package_node_get_status.lisp
Symlinking /home/crumb/MEHATRONIKA/project_ws/devel/share/common-lisp/ros/webots_ros/srv/field_import_node_from_string.lisp
Symlinking /home/crumb/MEHATRONIKA/project_ws/devel/share/common-lisp/ros/webots_ros/srv/_package_node_get_type.lisp
Symlinking /home/crumb/MEHATRONIKA/project_ws/devel/share/common-lisp/ros/webots_ros/srv/_package_receiver_get_emitter_direction.lisp
Symlinking /home/crumb/MEHATRONIKA/project_ws/devel/share/common-lisp/ros/webots_ros/srv/_package_field_set_int32.lisp
Symlinking /home/crumb/MEHATRONIKA/project_ws/devel/share/common-lisp/ros/webots_ros/srv/_package_supervisor_virtual_reality_headset_get_position.lisp
Symlinking /home/crumb/MEHATRONIKA/project_ws/devel/share/common-lisp/ros/webots_ros/srv/_package_set_bool.lisp
Symlinking /home/crumb/MEHATRONIKA/project_ws/devel/share/common-lisp/ros/webots_ros/srv/_package_set_string.lisp
Symlinking /home/crumb/MEHATRONIKA/project_ws/devel/share/common-lisp/ros/webots_ros/srv/node_set_joint_position.lisp
Symlinking /home/crumb/MEHATRONIKA/project_ws/devel/share/common-lisp/ros/webots_ros/srv/_package_field_set_bool.lisp
Symlinking /home/crumb/MEHATRONIKA/project_ws/devel/share/common-lisp/ros/webots_ros/srv/_package_node_remove.lisp
Symlinking /home/crumb/MEHATRONIKA/project_ws/devel/share/common-lisp/ros/webots_ros/srv/skin_set_bone_position.lisp
Symlinking /home/crumb/MEHATRONIKA/project_ws/devel/share/common-lisp/ros/webots_ros/srv/range_finder_get_info.lisp
Symlinking /home/crumb/MEHATRONIKA/project_ws/devel/share/common-lisp/ros/webots_ros/srv/robot_wait_for_user_input_event.lisp
Symlinking /home/crumb/MEHATRONIKA/project_ws/devel/share/common-lisp/ros/webots_ros/srv/_package_display_draw_oval.lisp
Symlinking /home/crumb/MEHATRONIKA/project_ws/devel/share/common-lisp/ros/webots_ros/srv/lidar_get_frequency_info.lisp
Symlinking /home/crumb/MEHATRONIKA/project_ws/devel/share/common-lisp/ros/webots_ros/srv/node_set_visibility.lisp
Symlinking /home/crumb/MEHATRONIKA/project_ws/devel/share/common-lisp/ros/webots_ros/srv/get_int.lisp
Symlinking /home/crumb/MEHATRONIKA/project_ws/devel/share/common-lisp/ros/webots_ros/srv/_package_field_get_node.lisp
Symlinking /home/crumb/MEHATRONIKA/project_ws/devel/share/common-lisp/ros/webots_ros/srv/display_image_paste.lisp
Symlinking /home/crumb/MEHATRONIKA/project_ws/devel/share/common-lisp/ros/webots_ros/srv/mouse_get_state.lisp
Symlinking /home/crumb/MEHATRONIKA/project_ws/devel/share/common-lisp/ros/webots_ros/srv/node_get_parent_node.lisp
Symlinking /home/crumb/MEHATRONIKA/project_ws/devel/share/common-lisp/ros/webots_ros/srv/_package_robot_get_device_list.lisp
Symlinking /home/crumb/MEHATRONIKA/project_ws/devel/share/common-lisp/ros/webots_ros/srv/save_image.lisp
Symlinking /home/crumb/MEHATRONIKA/project_ws/devel/share/common-lisp/ros/webots_ros/srv/supervisor_virtual_reality_headset_get_position.lisp
Symlinking /home/crumb/MEHATRONIKA/project_ws/devel/share/common-lisp/ros/webots_ros/srv/_package_node_get_name.lisp
Symlinking /home/crumb/MEHATRONIKA/project_ws/devel/share/common-lisp/ros/webots_ros/srv/field_get_rotation.lisp
Symlinking /home/crumb/MEHATRONIKA/project_ws/devel/share/common-lisp/ros/webots_ros/srv/_package_speaker_play_sound.lisp
Symlinking /home/crumb/MEHATRONIKA/project_ws/devel/share/common-lisp/ros/webots_ros/srv/camera_get_zoom_info.lisp
Symlinking /home/crumb/MEHATRONIKA/project_ws/devel/share/common-lisp/ros/webots_ros/srv/node_get_name.lisp
Symlinking /home/crumb/MEHATRONIKA/project_ws/devel/share/common-lisp/ros/webots_ros/srv/_package_display_draw_pixel.lisp
Symlinking /home/crumb/MEHATRONIKA/project_ws/devel/share/common-lisp/ros/webots_ros/srv/skin_set_bone_orientation.lisp
Symlinking /home/crumb/MEHATRONIKA/project_ws/devel/share/common-lisp/ros/webots_ros/srv/node_remove.lisp
Symlinking /home/crumb/MEHATRONIKA/project_ws/devel/share/common-lisp/ros/webots_ros/srv/lidar_get_info.lisp
Symlinking /home/crumb/MEHATRONIKA/project_ws/devel/share/common-lisp/ros/webots_ros/srv/_package_display_draw_polygon.lisp
Symlinking /home/crumb/MEHATRONIKA/project_ws/devel/share/common-lisp/ros/webots_ros/srv/_package_field_get_bool.lisp
Symlinking /home/crumb/MEHATRONIKA/project_ws/devel/share/common-lisp/ros/webots_ros/srv/_package_node_get_string.lisp
Symlinking /home/crumb/MEHATRONIKA/project_ws/devel/share/common-lisp/ros/webots_ros/srv/_package_node_set_velocity.lisp
Symlinking /home/crumb/MEHATRONIKA/project_ws/devel/share/common-lisp/ros/webots_ros/srv/_package_motor_set_control_pid.lisp
Symlinking /home/crumb/MEHATRONIKA/project_ws/devel/share/common-lisp/ros/webots_ros/srv/_package_field_remove.lisp
Symlinking /home/crumb/MEHATRONIKA/project_ws/devel/share/common-lisp/ros/webots_ros/srv/gps_decimal_degrees_to_degrees_minutes_seconds.lisp
Symlinking /home/crumb/MEHATRONIKA/project_ws/devel/share/common-lisp/ros/webots_ros/srv/field_disable_sf_tracking.lisp
Symlinking /home/crumb/MEHATRONIKA/project_ws/devel/share/common-lisp/ros/webots_ros/srv/_package_display_image_load.lisp
Symlinking /home/crumb/MEHATRONIKA/project_ws/devel/share/common-lisp/ros/webots_ros/srv/_package_skin_set_bone_orientation.lisp
Symlinking /home/crumb/MEHATRONIKA/project_ws/devel/share/common-lisp/ros/webots_ros/srv/_package_get_bool.lisp
Symlinking /home/crumb/MEHATRONIKA/project_ws/devel/share/common-lisp/ros/webots_ros/srv/_package_skin_get_bone_orientation.lisp
Symlinking /home/crumb/MEHATRONIKA/project_ws/devel/share/common-lisp/ros/webots_ros/srv/_package_node_get_orientation.lisp
Symlinking /home/crumb/MEHATRONIKA/project_ws/devel/share/common-lisp/ros/webots_ros/srv/display_draw_oval.lisp
Symlinking /home/crumb/MEHATRONIKA/project_ws/devel/share/common-lisp/ros/webots_ros/srv/_package_field_set_rotation.lisp
Symlinking /home/crumb/MEHATRONIKA/project_ws/devel/share/common-lisp/ros/webots_ros/srv/camera_get_focus_info.lisp
Symlinking /home/crumb/MEHATRONIKA/project_ws/devel/share/common-lisp/ros/webots_ros/srv/node_get_velocity.lisp
Symlinking /home/crumb/MEHATRONIKA/project_ws/devel/share/common-lisp/ros/webots_ros/srv/_package_lidar_get_info.lisp
Symlinking /home/crumb/MEHATRONIKA/project_ws/devel/share/common-lisp/ros/webots_ros/srv/_package_camera_get_info.lisp
Symlinking /home/crumb/MEHATRONIKA/project_ws/devel/share/common-lisp/ros/webots_ros/srv/_package_node_get_pose.lisp
Symlinking /home/crumb/MEHATRONIKA/project_ws/devel/share/common-lisp/ros/webots_ros/srv/_package_get_uint64.lisp
Symlinking /home/crumb/MEHATRONIKA/project_ws/devel/share/common-lisp/ros/webots_ros/srv/_package_node_enable_pose_tracking.lisp
Symlinking /home/crumb/MEHATRONIKA/project_ws/devel/share/common-lisp/ros/webots_ros/srv/_package_field_enable_sf_tracking.lisp
Symlinking /home/crumb/MEHATRONIKA/project_ws/devel/share/common-lisp/ros/webots_ros/srv/field_get_vec2f.lisp
Symlinking /home/crumb/MEHATRONIKA/project_ws/devel/share/common-lisp/ros/webots_ros/srv/_package_node_get_velocity.lisp
Symlinking /home/crumb/MEHATRONIKA/project_ws/devel/share/common-lisp/ros/webots_ros/srv/supervisor_set_label.lisp
Symlinking /home/crumb/MEHATRONIKA/project_ws/devel/share/common-lisp/ros/webots_ros/srv/get_uint64.lisp
Symlinking /home/crumb/MEHATRONIKA/project_ws/devel/share/common-lisp/ros/webots_ros/srv/_package_node_add_force_with_offset.lisp
Symlinking /home/crumb/MEHATRONIKA/project_ws/devel/share/common-lisp/ros/webots_ros/srv/display_image_new.lisp
Symlinking /home/crumb/MEHATRONIKA/project_ws/devel/share/common-lisp/ros/webots_ros/srv/skin_get_bone_position.lisp
Symlinking /home/crumb/MEHATRONIKA/project_ws/devel/share/common-lisp/ros/webots_ros/srv/_package_supervisor_virtual_reality_headset_get_orientation.lisp
Symlinking /home/crumb/MEHATRONIKA/project_ws/devel/share/common-lisp/ros/webots_ros/srv/robot_set_mode.lisp
Symlinking /home/crumb/MEHATRONIKA/project_ws/devel/share/common-lisp/ros/webots_ros/srv/get_float.lisp
Symlinking /home/crumb/MEHATRONIKA/project_ws/devel/share/common-lisp/ros/webots_ros/srv/node_enable_pose_tracking.lisp
Symlinking /home/crumb/MEHATRONIKA/project_ws/devel/share/common-lisp/ros/webots_ros/srv/display_set_font.lisp
Symlinking /home/crumb/MEHATRONIKA/project_ws/devel/share/common-lisp/ros/webots_ros/srv/_package_node_move_viewpoint.lisp
Symlinking /home/crumb/MEHATRONIKA/project_ws/devel/share/common-lisp/ros/webots_ros/srv/_package_display_image_new.lisp
Symlinking /home/crumb/MEHATRONIKA/project_ws/devel/share/common-lisp/ros/webots_ros/srv/_package_lidar_get_layer_range_image.lisp
Symlinking /home/crumb/MEHATRONIKA/project_ws/devel/share/common-lisp/ros/webots_ros/srv/_package_field_get_color.lisp
Symlinking /home/crumb/MEHATRONIKA/project_ws/devel/share/common-lisp/ros/webots_ros/srv/node_get_center_of_mass.lisp
Symlinking /home/crumb/MEHATRONIKA/project_ws/devel/share/common-lisp/ros/webots_ros/srv/node_set_string.lisp
Symlinking /home/crumb/MEHATRONIKA/project_ws/devel/share/common-lisp/ros/webots_ros/srv/_package_supervisor_get_from_id.lisp
Symlinking /home/crumb/MEHATRONIKA/project_ws/devel/share/common-lisp/ros/webots_ros/srv/node_get_field.lisp
Symlinking /home/crumb/MEHATRONIKA/project_ws/devel/share/common-lisp/ros/webots_ros/srv/speaker_is_sound_playing.lisp
Symlinking /home/crumb/MEHATRONIKA/project_ws/devel/share/common-lisp/ros/webots_ros/srv/_package_supervisor_movie_start_recording.lisp
Symlinking /home/crumb/MEHATRONIKA/project_ws/devel/share/common-lisp/ros/webots_ros/srv/field_remove_node.lisp
Symlinking /home/crumb/MEHATRONIKA/project_ws/devel/share/common-lisp/ros/webots_ros/srv/field_get_node.lisp
Symlinking /home/crumb/MEHATRONIKA/project_ws/devel/share/common-lisp/ros/webots_ros/srv/_package_pen_set_ink_color.lisp
Symlinking /home/crumb/MEHATRONIKA/project_ws/devel/share/common-lisp/ros/webots_ros/srv/set_string.lisp
Symlinking /home/crumb/MEHATRONIKA/project_ws/devel/share/common-lisp/ros/webots_ros/srv/supervisor_get_from_def.lisp
Symlinking /home/crumb/MEHATRONIKA/project_ws/devel/share/common-lisp/ros/webots_ros/srv/_package_field_set_string.lisp
Symlinking /home/crumb/MEHATRONIKA/project_ws/devel/share/webots_ros/cmake/webots_rosConfig.cmake
Symlinking /home/crumb/MEHATRONIKA/project_ws/devel/share/webots_ros/cmake/webots_ros-msg-extras.cmake
Symlinking /home/crumb/MEHATRONIKA/project_ws/devel/share/webots_ros/cmake/webots_rosConfig-version.cmake
Symlinking /home/crumb/MEHATRONIKA/project_ws/devel/share/webots_ros/cmake/webots_ros-msg-paths.cmake
Symlinking /home/crumb/MEHATRONIKA/project_ws/devel/share/gennodejs/ros/webots_ros/_index.js
Symlinking /home/crumb/MEHATRONIKA/project_ws/devel/share/gennodejs/ros/webots_ros/msg/RadarTarget.js
Symlinking /home/crumb/MEHATRONIKA/project_ws/devel/share/gennodejs/ros/webots_ros/msg/BoolStamped.js
Symlinking /home/crumb/MEHATRONIKA/project_ws/devel/share/gennodejs/ros/webots_ros/msg/ContactPoint.js
Symlinking /home/crumb/MEHATRONIKA/project_ws/devel/share/gennodejs/ros/webots_ros/msg/Int8Stamped.js
Symlinking /home/crumb/MEHATRONIKA/project_ws/devel/share/gennodejs/ros/webots_ros/msg/_index.js
Symlinking /home/crumb/MEHATRONIKA/project_ws/devel/share/gennodejs/ros/webots_ros/msg/RecognitionObjects.js
Symlinking /home/crumb/MEHATRONIKA/project_ws/devel/share/gennodejs/ros/webots_ros/msg/Int32Stamped.js
Symlinking /home/crumb/MEHATRONIKA/project_ws/devel/share/gennodejs/ros/webots_ros/msg/Float64Stamped.js
Symlinking /home/crumb/MEHATRONIKA/project_ws/devel/share/gennodejs/ros/webots_ros/msg/RecognitionObject.js
Symlinking /home/crumb/MEHATRONIKA/project_ws/devel/share/gennodejs/ros/webots_ros/msg/StringStamped.js
Symlinking /home/crumb/MEHATRONIKA/project_ws/devel/share/gennodejs/ros/webots_ros/srv/field_get_rotation.js
Symlinking /home/crumb/MEHATRONIKA/project_ws/devel/share/gennodejs/ros/webots_ros/srv/field_remove_node.js
Symlinking /home/crumb/MEHATRONIKA/project_ws/devel/share/gennodejs/ros/webots_ros/srv/skin_set_bone_orientation.js
Symlinking /home/crumb/MEHATRONIKA/project_ws/devel/share/gennodejs/ros/webots_ros/srv/field_get_node.js
Symlinking /home/crumb/MEHATRONIKA/project_ws/devel/share/gennodejs/ros/webots_ros/srv/field_get_type.js
Symlinking /home/crumb/MEHATRONIKA/project_ws/devel/share/gennodejs/ros/webots_ros/srv/node_get_type.js
Symlinking /home/crumb/MEHATRONIKA/project_ws/devel/share/gennodejs/ros/webots_ros/srv/camera_get_info.js
Symlinking /home/crumb/MEHATRONIKA/project_ws/devel/share/gennodejs/ros/webots_ros/srv/node_disable_pose_tracking.js
Symlinking /home/crumb/MEHATRONIKA/project_ws/devel/share/gennodejs/ros/webots_ros/srv/field_set_int32.js
Symlinking /home/crumb/MEHATRONIKA/project_ws/devel/share/gennodejs/ros/webots_ros/srv/lidar_get_info.js
Symlinking /home/crumb/MEHATRONIKA/project_ws/devel/share/gennodejs/ros/webots_ros/srv/robot_wait_for_user_input_event.js
Symlinking /home/crumb/MEHATRONIKA/project_ws/devel/share/gennodejs/ros/webots_ros/srv/supervisor_get_from_id.js
Symlinking /home/crumb/MEHATRONIKA/project_ws/devel/share/gennodejs/ros/webots_ros/srv/node_get_status.js
Symlinking /home/crumb/MEHATRONIKA/project_ws/devel/share/gennodejs/ros/webots_ros/srv/lidar_get_frequency_info.js
Symlinking /home/crumb/MEHATRONIKA/project_ws/devel/share/gennodejs/ros/webots_ros/srv/supervisor_virtual_reality_headset_get_position.js
Symlinking /home/crumb/MEHATRONIKA/project_ws/devel/share/gennodejs/ros/webots_ros/srv/field_get_float.js
Symlinking /home/crumb/MEHATRONIKA/project_ws/devel/share/gennodejs/ros/webots_ros/srv/node_set_visibility.js
Symlinking /home/crumb/MEHATRONIKA/project_ws/devel/share/gennodejs/ros/webots_ros/srv/display_draw_oval.js
Symlinking /home/crumb/MEHATRONIKA/project_ws/devel/share/gennodejs/ros/webots_ros/srv/set_float.js
Symlinking /home/crumb/MEHATRONIKA/project_ws/devel/share/gennodejs/ros/webots_ros/srv/robot_set_mode.js
Symlinking /home/crumb/MEHATRONIKA/project_ws/devel/share/gennodejs/ros/webots_ros/srv/node_get_parent_node.js
Symlinking /home/crumb/MEHATRONIKA/project_ws/devel/share/gennodejs/ros/webots_ros/srv/display_draw_polygon.js
Symlinking /home/crumb/MEHATRONIKA/project_ws/devel/share/gennodejs/ros/webots_ros/srv/get_string.js
Symlinking /home/crumb/MEHATRONIKA/project_ws/devel/share/gennodejs/ros/webots_ros/srv/speaker_play_sound.js
Symlinking /home/crumb/MEHATRONIKA/project_ws/devel/share/gennodejs/ros/webots_ros/srv/node_get_position.js
Symlinking /home/crumb/MEHATRONIKA/project_ws/devel/share/gennodejs/ros/webots_ros/srv/skin_get_bone_position.js
Symlinking /home/crumb/MEHATRONIKA/project_ws/devel/share/gennodejs/ros/webots_ros/srv/node_remove.js
Symlinking /home/crumb/MEHATRONIKA/project_ws/devel/share/gennodejs/ros/webots_ros/srv/display_draw_pixel.js
Symlinking /home/crumb/MEHATRONIKA/project_ws/devel/share/gennodejs/ros/webots_ros/srv/receiver_get_emitter_direction.js
Symlinking /home/crumb/MEHATRONIKA/project_ws/devel/share/gennodejs/ros/webots_ros/srv/node_get_id.js
Symlinking /home/crumb/MEHATRONIKA/project_ws/devel/share/gennodejs/ros/webots_ros/srv/node_get_contact_points.js
Symlinking /home/crumb/MEHATRONIKA/project_ws/devel/share/gennodejs/ros/webots_ros/srv/node_reset_functions.js
Symlinking /home/crumb/MEHATRONIKA/project_ws/devel/share/gennodejs/ros/webots_ros/srv/display_image_paste.js
Symlinking /home/crumb/MEHATRONIKA/project_ws/devel/share/gennodejs/ros/webots_ros/srv/node_set_velocity.js
Symlinking /home/crumb/MEHATRONIKA/project_ws/devel/share/gennodejs/ros/webots_ros/srv/node_get_string.js
Symlinking /home/crumb/MEHATRONIKA/project_ws/devel/share/gennodejs/ros/webots_ros/srv/field_enable_sf_tracking.js
Symlinking /home/crumb/MEHATRONIKA/project_ws/devel/share/gennodejs/ros/webots_ros/srv/field_get_bool.js
Symlinking /home/crumb/MEHATRONIKA/project_ws/devel/share/gennodejs/ros/webots_ros/srv/field_disable_sf_tracking.js
Symlinking /home/crumb/MEHATRONIKA/project_ws/devel/share/gennodejs/ros/webots_ros/srv/field_import_node_from_string.js
Symlinking /home/crumb/MEHATRONIKA/project_ws/devel/share/gennodejs/ros/webots_ros/srv/supervisor_movie_start_recording.js
Symlinking /home/crumb/MEHATRONIKA/project_ws/devel/share/gennodejs/ros/webots_ros/srv/node_get_velocity.js
Symlinking /home/crumb/MEHATRONIKA/project_ws/devel/share/gennodejs/ros/webots_ros/srv/get_bool.js
Symlinking /home/crumb/MEHATRONIKA/project_ws/devel/share/gennodejs/ros/webots_ros/srv/node_disable_contact_points_tracking.js
Symlinking /home/crumb/MEHATRONIKA/project_ws/devel/share/gennodejs/ros/webots_ros/srv/get_urdf.js
Symlinking /home/crumb/MEHATRONIKA/project_ws/devel/share/gennodejs/ros/webots_ros/srv/supervisor_get_from_def.js
Symlinking /home/crumb/MEHATRONIKA/project_ws/devel/share/gennodejs/ros/webots_ros/srv/display_image_delete.js
Symlinking /home/crumb/MEHATRONIKA/project_ws/devel/share/gennodejs/ros/webots_ros/srv/set_int.js
Symlinking /home/crumb/MEHATRONIKA/project_ws/devel/share/gennodejs/ros/webots_ros/srv/node_enable_pose_tracking.js
Symlinking /home/crumb/MEHATRONIKA/project_ws/devel/share/gennodejs/ros/webots_ros/srv/robot_get_device_list.js
Symlinking /home/crumb/MEHATRONIKA/project_ws/devel/share/gennodejs/ros/webots_ros/srv/node_get_field_by_index.js
Symlinking /home/crumb/MEHATRONIKA/project_ws/devel/share/gennodejs/ros/webots_ros/srv/display_draw_line.js
Symlinking /home/crumb/MEHATRONIKA/project_ws/devel/share/gennodejs/ros/webots_ros/srv/field_get_vec2f.js
Symlinking /home/crumb/MEHATRONIKA/project_ws/devel/share/gennodejs/ros/webots_ros/srv/field_get_int32.js
Symlinking /home/crumb/MEHATRONIKA/project_ws/devel/share/gennodejs/ros/webots_ros/srv/skin_get_bone_name.js
Symlinking /home/crumb/MEHATRONIKA/project_ws/devel/share/gennodejs/ros/webots_ros/srv/display_draw_rectangle.js
Symlinking /home/crumb/MEHATRONIKA/project_ws/devel/share/gennodejs/ros/webots_ros/srv/_index.js
Symlinking /home/crumb/MEHATRONIKA/project_ws/devel/share/gennodejs/ros/webots_ros/srv/field_set_vec3f.js
Symlinking /home/crumb/MEHATRONIKA/project_ws/devel/share/gennodejs/ros/webots_ros/srv/speaker_is_sound_playing.js
Symlinking /home/crumb/MEHATRONIKA/project_ws/devel/share/gennodejs/ros/webots_ros/srv/node_get_field.js
Symlinking /home/crumb/MEHATRONIKA/project_ws/devel/share/gennodejs/ros/webots_ros/srv/node_get_orientation.js
Symlinking /home/crumb/MEHATRONIKA/project_ws/devel/share/gennodejs/ros/webots_ros/srv/display_set_font.js
Symlinking /home/crumb/MEHATRONIKA/project_ws/devel/share/gennodejs/ros/webots_ros/srv/node_enable_contact_points_tracking.js
Symlinking /home/crumb/MEHATRONIKA/project_ws/devel/share/gennodejs/ros/webots_ros/srv/node_get_static_balance.js
Symlinking /home/crumb/MEHATRONIKA/project_ws/devel/share/gennodejs/ros/webots_ros/srv/node_get_center_of_mass.js
Symlinking /home/crumb/MEHATRONIKA/project_ws/devel/share/gennodejs/ros/webots_ros/srv/field_set_vec2f.js
Symlinking /home/crumb/MEHATRONIKA/project_ws/devel/share/gennodejs/ros/webots_ros/srv/set_float_array.js
Symlinking /home/crumb/MEHATRONIKA/project_ws/devel/share/gennodejs/ros/webots_ros/srv/field_set_rotation.js
Symlinking /home/crumb/MEHATRONIKA/project_ws/devel/share/gennodejs/ros/webots_ros/srv/field_set_color.js
Symlinking /home/crumb/MEHATRONIKA/project_ws/devel/share/gennodejs/ros/webots_ros/srv/range_finder_get_info.js
Symlinking /home/crumb/MEHATRONIKA/project_ws/devel/share/gennodejs/ros/webots_ros/srv/supervisor_virtual_reality_headset_get_orientation.js
Symlinking /home/crumb/MEHATRONIKA/project_ws/devel/share/gennodejs/ros/webots_ros/srv/camera_get_focus_info.js
Symlinking /home/crumb/MEHATRONIKA/project_ws/devel/share/gennodejs/ros/webots_ros/srv/node_get_number_of_fields.js
Symlinking /home/crumb/MEHATRONIKA/project_ws/devel/share/gennodejs/ros/webots_ros/srv/node_add_force_or_torque.js
Symlinking /home/crumb/MEHATRONIKA/project_ws/devel/share/gennodejs/ros/webots_ros/srv/node_get_pose.js
Symlinking /home/crumb/MEHATRONIKA/project_ws/devel/share/gennodejs/ros/webots_ros/srv/set_bool.js
Symlinking /home/crumb/MEHATRONIKA/project_ws/devel/share/gennodejs/ros/webots_ros/srv/lidar_get_layer_range_image.js
Symlinking /home/crumb/MEHATRONIKA/project_ws/devel/share/gennodejs/ros/webots_ros/srv/get_float.js
Symlinking /home/crumb/MEHATRONIKA/project_ws/devel/share/gennodejs/ros/webots_ros/srv/field_get_color.js
Symlinking /home/crumb/MEHATRONIKA/project_ws/devel/share/gennodejs/ros/webots_ros/srv/gps_decimal_degrees_to_degrees_minutes_seconds.js
Symlinking /home/crumb/MEHATRONIKA/project_ws/devel/share/gennodejs/ros/webots_ros/srv/node_set_string.js
Symlinking /home/crumb/MEHATRONIKA/project_ws/devel/share/gennodejs/ros/webots_ros/srv/display_image_copy.js
Symlinking /home/crumb/MEHATRONIKA/project_ws/devel/share/gennodejs/ros/webots_ros/srv/supervisor_set_label.js
Symlinking /home/crumb/MEHATRONIKA/project_ws/devel/share/gennodejs/ros/webots_ros/srv/node_get_name.js
Symlinking /home/crumb/MEHATRONIKA/project_ws/devel/share/gennodejs/ros/webots_ros/srv/set_string.js
Symlinking /home/crumb/MEHATRONIKA/project_ws/devel/share/gennodejs/ros/webots_ros/srv/node_move_viewpoint.js
Symlinking /home/crumb/MEHATRONIKA/project_ws/devel/share/gennodejs/ros/webots_ros/srv/field_set_string.js
Symlinking /home/crumb/MEHATRONIKA/project_ws/devel/share/gennodejs/ros/webots_ros/srv/node_add_force_with_offset.js
Symlinking /home/crumb/MEHATRONIKA/project_ws/devel/share/gennodejs/ros/webots_ros/srv/mouse_get_state.js
Symlinking /home/crumb/MEHATRONIKA/project_ws/devel/share/gennodejs/ros/webots_ros/srv/display_draw_text.js
Symlinking /home/crumb/MEHATRONIKA/project_ws/devel/share/gennodejs/ros/webots_ros/srv/get_float_array.js
Symlinking /home/crumb/MEHATRONIKA/project_ws/devel/share/gennodejs/ros/webots_ros/srv/pen_set_ink_color.js
Symlinking /home/crumb/MEHATRONIKA/project_ws/devel/share/gennodejs/ros/webots_ros/srv/display_image_save.js
Symlinking /home/crumb/MEHATRONIKA/project_ws/devel/share/gennodejs/ros/webots_ros/srv/display_get_info.js
Symlinking /home/crumb/MEHATRONIKA/project_ws/devel/share/gennodejs/ros/webots_ros/srv/motor_set_control_pid.js
Symlinking /home/crumb/MEHATRONIKA/project_ws/devel/share/gennodejs/ros/webots_ros/srv/field_set_float.js
Symlinking /home/crumb/MEHATRONIKA/project_ws/devel/share/gennodejs/ros/webots_ros/srv/get_int.js
Symlinking /home/crumb/MEHATRONIKA/project_ws/devel/share/gennodejs/ros/webots_ros/srv/save_image.js
Symlinking /home/crumb/MEHATRONIKA/project_ws/devel/share/gennodejs/ros/webots_ros/srv/skin_set_bone_position.js
Symlinking /home/crumb/MEHATRONIKA/project_ws/devel/share/gennodejs/ros/webots_ros/srv/display_image_new.js
Symlinking /home/crumb/MEHATRONIKA/project_ws/devel/share/gennodejs/ros/webots_ros/srv/field_remove.js
Symlinking /home/crumb/MEHATRONIKA/project_ws/devel/share/gennodejs/ros/webots_ros/srv/get_uint64.js
Symlinking /home/crumb/MEHATRONIKA/project_ws/devel/share/gennodejs/ros/webots_ros/srv/lidar_get_layer_point_cloud.js
Symlinking /home/crumb/MEHATRONIKA/project_ws/devel/share/gennodejs/ros/webots_ros/srv/skin_get_bone_orientation.js
Symlinking /home/crumb/MEHATRONIKA/project_ws/devel/share/gennodejs/ros/webots_ros/srv/display_image_load.js
Symlinking /home/crumb/MEHATRONIKA/project_ws/devel/share/gennodejs/ros/webots_ros/srv/field_get_vec3f.js
Symlinking /home/crumb/MEHATRONIKA/project_ws/devel/share/gennodejs/ros/webots_ros/srv/field_get_count.js
Symlinking /home/crumb/MEHATRONIKA/project_ws/devel/share/gennodejs/ros/webots_ros/srv/camera_get_zoom_info.js
Symlinking /home/crumb/MEHATRONIKA/project_ws/devel/share/gennodejs/ros/webots_ros/srv/field_get_string.js
Symlinking /home/crumb/MEHATRONIKA/project_ws/devel/share/gennodejs/ros/webots_ros/srv/field_set_bool.js
Symlinking /home/crumb/MEHATRONIKA/project_ws/devel/share/gennodejs/ros/webots_ros/srv/node_set_joint_position.js
Symlinking /home/crumb/MEHATRONIKA/project_ws/devel/share/gennodejs/ros/webots_ros/srv/speaker_speak.js
Symlinking /home/crumb/MEHATRONIKA/project_ws/devel/share/gennodejs/ros/webots_ros/srv/supervisor_get_from_string.js
Symlinking /home/crumb/MEHATRONIKA/project_ws/devel/share/gennodejs/ros/webots_ros/srv/field_get_name.js
Symlinking /home/crumb/MEHATRONIKA/project_ws/devel/share/roseus/ros/webots_ros/manifest.l
Symlinking /home/crumb/MEHATRONIKA/project_ws/devel/share/roseus/ros/webots_ros/msg/RecognitionObjects.l
Symlinking /home/crumb/MEHATRONIKA/project_ws/devel/share/roseus/ros/webots_ros/msg/RadarTarget.l
Symlinking /home/crumb/MEHATRONIKA/project_ws/devel/share/roseus/ros/webots_ros/msg/Float64Stamped.l
Symlinking /home/crumb/MEHATRONIKA/project_ws/devel/share/roseus/ros/webots_ros/msg/RecognitionObject.l
Symlinking /home/crumb/MEHATRONIKA/project_ws/devel/share/roseus/ros/webots_ros/msg/Int8Stamped.l
Symlinking /home/crumb/MEHATRONIKA/project_ws/devel/share/roseus/ros/webots_ros/msg/ContactPoint.l
Symlinking /home/crumb/MEHATRONIKA/project_ws/devel/share/roseus/ros/webots_ros/msg/Int32Stamped.l
Symlinking /home/crumb/MEHATRONIKA/project_ws/devel/share/roseus/ros/webots_ros/msg/BoolStamped.l
Symlinking /home/crumb/MEHATRONIKA/project_ws/devel/share/roseus/ros/webots_ros/msg/StringStamped.l
Symlinking /home/crumb/MEHATRONIKA/project_ws/devel/share/roseus/ros/webots_ros/srv/get_float.l
Symlinking /home/crumb/MEHATRONIKA/project_ws/devel/share/roseus/ros/webots_ros/srv/node_get_number_of_fields.l
Symlinking /home/crumb/MEHATRONIKA/project_ws/devel/share/roseus/ros/webots_ros/srv/node_enable_pose_tracking.l
Symlinking /home/crumb/MEHATRONIKA/project_ws/devel/share/roseus/ros/webots_ros/srv/field_get_vec3f.l
Symlinking /home/crumb/MEHATRONIKA/project_ws/devel/share/roseus/ros/webots_ros/srv/get_bool.l
Symlinking /home/crumb/MEHATRONIKA/project_ws/devel/share/roseus/ros/webots_ros/srv/supervisor_virtual_reality_headset_get_position.l
Symlinking /home/crumb/MEHATRONIKA/project_ws/devel/share/roseus/ros/webots_ros/srv/lidar_get_layer_range_image.l
Symlinking /home/crumb/MEHATRONIKA/project_ws/devel/share/roseus/ros/webots_ros/srv/skin_get_bone_name.l
Symlinking /home/crumb/MEHATRONIKA/project_ws/devel/share/roseus/ros/webots_ros/srv/set_string.l
Symlinking /home/crumb/MEHATRONIKA/project_ws/devel/share/roseus/ros/webots_ros/srv/field_set_float.l
Symlinking /home/crumb/MEHATRONIKA/project_ws/devel/share/roseus/ros/webots_ros/srv/node_get_type.l
Symlinking /home/crumb/MEHATRONIKA/project_ws/devel/share/roseus/ros/webots_ros/srv/node_get_contact_points.l
Symlinking /home/crumb/MEHATRONIKA/project_ws/devel/share/roseus/ros/webots_ros/srv/speaker_speak.l
Symlinking /home/crumb/MEHATRONIKA/project_ws/devel/share/roseus/ros/webots_ros/srv/node_move_viewpoint.l
Symlinking /home/crumb/MEHATRONIKA/project_ws/devel/share/roseus/ros/webots_ros/srv/node_get_pose.l
Symlinking /home/crumb/MEHATRONIKA/project_ws/devel/share/roseus/ros/webots_ros/srv/node_set_visibility.l
Symlinking /home/crumb/MEHATRONIKA/project_ws/devel/share/roseus/ros/webots_ros/srv/field_set_rotation.l
Symlinking /home/crumb/MEHATRONIKA/project_ws/devel/share/roseus/ros/webots_ros/srv/display_image_load.l
Symlinking /home/crumb/MEHATRONIKA/project_ws/devel/share/roseus/ros/webots_ros/srv/field_get_rotation.l
Symlinking /home/crumb/MEHATRONIKA/project_ws/devel/share/roseus/ros/webots_ros/srv/node_get_position.l
Symlinking /home/crumb/MEHATRONIKA/project_ws/devel/share/roseus/ros/webots_ros/srv/supervisor_get_from_id.l
Symlinking /home/crumb/MEHATRONIKA/project_ws/devel/share/roseus/ros/webots_ros/srv/camera_get_focus_info.l
Symlinking /home/crumb/MEHATRONIKA/project_ws/devel/share/roseus/ros/webots_ros/srv/field_import_node_from_string.l
Symlinking /home/crumb/MEHATRONIKA/project_ws/devel/share/roseus/ros/webots_ros/srv/field_set_int32.l
Symlinking /home/crumb/MEHATRONIKA/project_ws/devel/share/roseus/ros/webots_ros/srv/node_disable_pose_tracking.l
Symlinking /home/crumb/MEHATRONIKA/project_ws/devel/share/roseus/ros/webots_ros/srv/field_get_count.l
Symlinking /home/crumb/MEHATRONIKA/project_ws/devel/share/roseus/ros/webots_ros/srv/field_disable_sf_tracking.l
Symlinking /home/crumb/MEHATRONIKA/project_ws/devel/share/roseus/ros/webots_ros/srv/field_get_node.l
Symlinking /home/crumb/MEHATRONIKA/project_ws/devel/share/roseus/ros/webots_ros/srv/node_get_parent_node.l
Symlinking /home/crumb/MEHATRONIKA/project_ws/devel/share/roseus/ros/webots_ros/srv/skin_set_bone_orientation.l
Symlinking /home/crumb/MEHATRONIKA/project_ws/devel/share/roseus/ros/webots_ros/srv/field_set_vec2f.l
Symlinking /home/crumb/MEHATRONIKA/project_ws/devel/share/roseus/ros/webots_ros/srv/set_int.l
Symlinking /home/crumb/MEHATRONIKA/project_ws/devel/share/roseus/ros/webots_ros/srv/display_get_info.l
Symlinking /home/crumb/MEHATRONIKA/project_ws/devel/share/roseus/ros/webots_ros/srv/display_image_new.l
Symlinking /home/crumb/MEHATRONIKA/project_ws/devel/share/roseus/ros/webots_ros/srv/field_get_string.l
Symlinking /home/crumb/MEHATRONIKA/project_ws/devel/share/roseus/ros/webots_ros/srv/node_add_force_with_offset.l
Symlinking /home/crumb/MEHATRONIKA/project_ws/devel/share/roseus/ros/webots_ros/srv/display_draw_polygon.l
Symlinking /home/crumb/MEHATRONIKA/project_ws/devel/share/roseus/ros/webots_ros/srv/field_get_int32.l
Symlinking /home/crumb/MEHATRONIKA/project_ws/devel/share/roseus/ros/webots_ros/srv/field_set_bool.l
Symlinking /home/crumb/MEHATRONIKA/project_ws/devel/share/roseus/ros/webots_ros/srv/mouse_get_state.l
Symlinking /home/crumb/MEHATRONIKA/project_ws/devel/share/roseus/ros/webots_ros/srv/range_finder_get_info.l
Symlinking /home/crumb/MEHATRONIKA/project_ws/devel/share/roseus/ros/webots_ros/srv/skin_set_bone_position.l
Symlinking /home/crumb/MEHATRONIKA/project_ws/devel/share/roseus/ros/webots_ros/srv/field_set_string.l
Symlinking /home/crumb/MEHATRONIKA/project_ws/devel/share/roseus/ros/webots_ros/srv/display_draw_rectangle.l
Symlinking /home/crumb/MEHATRONIKA/project_ws/devel/share/roseus/ros/webots_ros/srv/display_image_save.l
Symlinking /home/crumb/MEHATRONIKA/project_ws/devel/share/roseus/ros/webots_ros/srv/receiver_get_emitter_direction.l
Symlinking /home/crumb/MEHATRONIKA/project_ws/devel/share/roseus/ros/webots_ros/srv/get_float_array.l
Symlinking /home/crumb/MEHATRONIKA/project_ws/devel/share/roseus/ros/webots_ros/srv/get_string.l
Symlinking /home/crumb/MEHATRONIKA/project_ws/devel/share/roseus/ros/webots_ros/srv/lidar_get_layer_point_cloud.l
Symlinking /home/crumb/MEHATRONIKA/project_ws/devel/share/roseus/ros/webots_ros/srv/node_get_center_of_mass.l
Symlinking /home/crumb/MEHATRONIKA/project_ws/devel/share/roseus/ros/webots_ros/srv/node_get_name.l
Symlinking /home/crumb/MEHATRONIKA/project_ws/devel/share/roseus/ros/webots_ros/srv/field_set_color.l
Symlinking /home/crumb/MEHATRONIKA/project_ws/devel/share/roseus/ros/webots_ros/srv/node_get_field.l
Symlinking /home/crumb/MEHATRONIKA/project_ws/devel/share/roseus/ros/webots_ros/srv/field_get_bool.l
Symlinking /home/crumb/MEHATRONIKA/project_ws/devel/share/roseus/ros/webots_ros/srv/robot_get_device_list.l
Symlinking /home/crumb/MEHATRONIKA/project_ws/devel/share/roseus/ros/webots_ros/srv/node_get_string.l
Symlinking /home/crumb/MEHATRONIKA/project_ws/devel/share/roseus/ros/webots_ros/srv/field_get_name.l
Symlinking /home/crumb/MEHATRONIKA/project_ws/devel/share/roseus/ros/webots_ros/srv/field_get_color.l
Symlinking /home/crumb/MEHATRONIKA/project_ws/devel/share/roseus/ros/webots_ros/srv/node_get_id.l
Symlinking /home/crumb/MEHATRONIKA/project_ws/devel/share/roseus/ros/webots_ros/srv/display_set_font.l
Symlinking /home/crumb/MEHATRONIKA/project_ws/devel/share/roseus/ros/webots_ros/srv/node_set_joint_position.l
Symlinking /home/crumb/MEHATRONIKA/project_ws/devel/share/roseus/ros/webots_ros/srv/display_draw_text.l
Symlinking /home/crumb/MEHATRONIKA/project_ws/devel/share/roseus/ros/webots_ros/srv/skin_get_bone_orientation.l
Symlinking /home/crumb/MEHATRONIKA/project_ws/devel/share/roseus/ros/webots_ros/srv/motor_set_control_pid.l
Symlinking /home/crumb/MEHATRONIKA/project_ws/devel/share/roseus/ros/webots_ros/srv/display_image_copy.l
Symlinking /home/crumb/MEHATRONIKA/project_ws/devel/share/roseus/ros/webots_ros/srv/skin_get_bone_position.l
Symlinking /home/crumb/MEHATRONIKA/project_ws/devel/share/roseus/ros/webots_ros/srv/speaker_is_sound_playing.l
Symlinking /home/crumb/MEHATRONIKA/project_ws/devel/share/roseus/ros/webots_ros/srv/node_set_velocity.l
Symlinking /home/crumb/MEHATRONIKA/project_ws/devel/share/roseus/ros/webots_ros/srv/supervisor_virtual_reality_headset_get_orientation.l
Symlinking /home/crumb/MEHATRONIKA/project_ws/devel/share/roseus/ros/webots_ros/srv/get_urdf.l
Symlinking /home/crumb/MEHATRONIKA/project_ws/devel/share/roseus/ros/webots_ros/srv/supervisor_get_from_def.l
Symlinking /home/crumb/MEHATRONIKA/project_ws/devel/share/roseus/ros/webots_ros/srv/get_int.l
Symlinking /home/crumb/MEHATRONIKA/project_ws/devel/share/roseus/ros/webots_ros/srv/robot_set_mode.l
Symlinking /home/crumb/MEHATRONIKA/project_ws/devel/share/roseus/ros/webots_ros/srv/supervisor_movie_start_recording.l
Symlinking /home/crumb/MEHATRONIKA/project_ws/devel/share/roseus/ros/webots_ros/srv/lidar_get_info.l
Symlinking /home/crumb/MEHATRONIKA/project_ws/devel/share/roseus/ros/webots_ros/srv/field_set_vec3f.l
Symlinking /home/crumb/MEHATRONIKA/project_ws/devel/share/roseus/ros/webots_ros/srv/node_get_orientation.l
Symlinking /home/crumb/MEHATRONIKA/project_ws/devel/share/roseus/ros/webots_ros/srv/lidar_get_frequency_info.l
Symlinking /home/crumb/MEHATRONIKA/project_ws/devel/share/roseus/ros/webots_ros/srv/field_get_vec2f.l
Symlinking /home/crumb/MEHATRONIKA/project_ws/devel/share/roseus/ros/webots_ros/srv/node_remove.l
Symlinking /home/crumb/MEHATRONIKA/project_ws/devel/share/roseus/ros/webots_ros/srv/field_remove.l
Symlinking /home/crumb/MEHATRONIKA/project_ws/devel/share/roseus/ros/webots_ros/srv/set_float.l
Symlinking /home/crumb/MEHATRONIKA/project_ws/devel/share/roseus/ros/webots_ros/srv/get_uint64.l
Symlinking /home/crumb/MEHATRONIKA/project_ws/devel/share/roseus/ros/webots_ros/srv/node_get_static_balance.l
Symlinking /home/crumb/MEHATRONIKA/project_ws/devel/share/roseus/ros/webots_ros/srv/gps_decimal_degrees_to_degrees_minutes_seconds.l
Symlinking /home/crumb/MEHATRONIKA/project_ws/devel/share/roseus/ros/webots_ros/srv/node_add_force_or_torque.l
Symlinking /home/crumb/MEHATRONIKA/project_ws/devel/share/roseus/ros/webots_ros/srv/display_draw_line.l
Symlinking /home/crumb/MEHATRONIKA/project_ws/devel/share/roseus/ros/webots_ros/srv/node_get_field_by_index.l
Symlinking /home/crumb/MEHATRONIKA/project_ws/devel/share/roseus/ros/webots_ros/srv/set_float_array.l
Symlinking /home/crumb/MEHATRONIKA/project_ws/devel/share/roseus/ros/webots_ros/srv/field_remove_node.l
Symlinking /home/crumb/MEHATRONIKA/project_ws/devel/share/roseus/ros/webots_ros/srv/field_get_float.l
Symlinking /home/crumb/MEHATRONIKA/project_ws/devel/share/roseus/ros/webots_ros/srv/set_bool.l
Symlinking /home/crumb/MEHATRONIKA/project_ws/devel/share/roseus/ros/webots_ros/srv/display_image_paste.l
Symlinking /home/crumb/MEHATRONIKA/project_ws/devel/share/roseus/ros/webots_ros/srv/save_image.l
Symlinking /home/crumb/MEHATRONIKA/project_ws/devel/share/roseus/ros/webots_ros/srv/pen_set_ink_color.l
Symlinking /home/crumb/MEHATRONIKA/project_ws/devel/share/roseus/ros/webots_ros/srv/supervisor_get_from_string.l
Symlinking /home/crumb/MEHATRONIKA/project_ws/devel/share/roseus/ros/webots_ros/srv/node_disable_contact_points_tracking.l
Symlinking /home/crumb/MEHATRONIKA/project_ws/devel/share/roseus/ros/webots_ros/srv/node_reset_functions.l
Symlinking /home/crumb/MEHATRONIKA/project_ws/devel/share/roseus/ros/webots_ros/srv/node_get_status.l
Symlinking /home/crumb/MEHATRONIKA/project_ws/devel/share/roseus/ros/webots_ros/srv/camera_get_info.l
Symlinking /home/crumb/MEHATRONIKA/project_ws/devel/share/roseus/ros/webots_ros/srv/speaker_play_sound.l
Symlinking /home/crumb/MEHATRONIKA/project_ws/devel/share/roseus/ros/webots_ros/srv/node_enable_contact_points_tracking.l
Symlinking /home/crumb/MEHATRONIKA/project_ws/devel/share/roseus/ros/webots_ros/srv/display_draw_oval.l
Symlinking /home/crumb/MEHATRONIKA/project_ws/devel/share/roseus/ros/webots_ros/srv/node_get_velocity.l
Symlinking /home/crumb/MEHATRONIKA/project_ws/devel/share/roseus/ros/webots_ros/srv/supervisor_set_label.l
Symlinking /home/crumb/MEHATRONIKA/project_ws/devel/share/roseus/ros/webots_ros/srv/display_draw_pixel.l
Symlinking /home/crumb/MEHATRONIKA/project_ws/devel/share/roseus/ros/webots_ros/srv/camera_get_zoom_info.l
Symlinking /home/crumb/MEHATRONIKA/project_ws/devel/share/roseus/ros/webots_ros/srv/node_set_string.l
Symlinking /home/crumb/MEHATRONIKA/project_ws/devel/share/roseus/ros/webots_ros/srv/field_enable_sf_tracking.l
Symlinking /home/crumb/MEHATRONIKA/project_ws/devel/share/roseus/ros/webots_ros/srv/robot_wait_for_user_input_event.l
Symlinking /home/crumb/MEHATRONIKA/project_ws/devel/share/roseus/ros/webots_ros/srv/field_get_type.l
Symlinking /home/crumb/MEHATRONIKA/project_ws/devel/share/roseus/ros/webots_ros/srv/display_image_delete.l
Symlinking /home/crumb/MEHATRONIKA/project_ws/devel/include/webots_ros/display_image_deleteResponse.h
Symlinking /home/crumb/MEHATRONIKA/project_ws/devel/include/webots_ros/field_get_rotationResponse.h
Symlinking /home/crumb/MEHATRONIKA/project_ws/devel/include/webots_ros/supervisor_virtual_reality_headset_get_orientationResponse.h
Symlinking /home/crumb/MEHATRONIKA/project_ws/devel/include/webots_ros/robot_get_device_listResponse.h
Symlinking /home/crumb/MEHATRONIKA/project_ws/devel/include/webots_ros/field_set_vec3fRequest.h
Symlinking /home/crumb/MEHATRONIKA/project_ws/devel/include/webots_ros/display_draw_rectangleRequest.h
Symlinking /home/crumb/MEHATRONIKA/project_ws/devel/include/webots_ros/field_set_vec2fResponse.h
Symlinking /home/crumb/MEHATRONIKA/project_ws/devel/include/webots_ros/get_stringRequest.h
Symlinking /home/crumb/MEHATRONIKA/project_ws/devel/include/webots_ros/node_get_poseResponse.h
Symlinking /home/crumb/MEHATRONIKA/project_ws/devel/include/webots_ros/supervisor_get_from_id.h
Symlinking /home/crumb/MEHATRONIKA/project_ws/devel/include/webots_ros/node_disable_pose_trackingResponse.h
Symlinking /home/crumb/MEHATRONIKA/project_ws/devel/include/webots_ros/node_set_velocityResponse.h
Symlinking /home/crumb/MEHATRONIKA/project_ws/devel/include/webots_ros/node_add_force_or_torque.h
Symlinking /home/crumb/MEHATRONIKA/project_ws/devel/include/webots_ros/robot_set_modeResponse.h
Symlinking /home/crumb/MEHATRONIKA/project_ws/devel/include/webots_ros/field_disable_sf_trackingResponse.h
Symlinking /home/crumb/MEHATRONIKA/project_ws/devel/include/webots_ros/node_reset_functionsResponse.h
Symlinking /home/crumb/MEHATRONIKA/project_ws/devel/include/webots_ros/field_get_int32Response.h
Symlinking /home/crumb/MEHATRONIKA/project_ws/devel/include/webots_ros/speaker_is_sound_playingResponse.h
Symlinking /home/crumb/MEHATRONIKA/project_ws/devel/include/webots_ros/node_add_force_with_offset.h
Symlinking /home/crumb/MEHATRONIKA/project_ws/devel/include/webots_ros/field_get_float.h
Symlinking /home/crumb/MEHATRONIKA/project_ws/devel/include/webots_ros/lidar_get_layer_range_imageRequest.h
Symlinking /home/crumb/MEHATRONIKA/project_ws/devel/include/webots_ros/field_set_rotationResponse.h
Symlinking /home/crumb/MEHATRONIKA/project_ws/devel/include/webots_ros/node_get_orientationResponse.h
Symlinking /home/crumb/MEHATRONIKA/project_ws/devel/include/webots_ros/set_float.h
Symlinking /home/crumb/MEHATRONIKA/project_ws/devel/include/webots_ros/field_set_float.h
Symlinking /home/crumb/MEHATRONIKA/project_ws/devel/include/webots_ros/camera_get_info.h
Symlinking /home/crumb/MEHATRONIKA/project_ws/devel/include/webots_ros/node_move_viewpointRequest.h
Symlinking /home/crumb/MEHATRONIKA/project_ws/devel/include/webots_ros/node_get_center_of_massRequest.h
Symlinking /home/crumb/MEHATRONIKA/project_ws/devel/include/webots_ros/node_get_center_of_massResponse.h
Symlinking /home/crumb/MEHATRONIKA/project_ws/devel/include/webots_ros/node_move_viewpointResponse.h
Symlinking /home/crumb/MEHATRONIKA/project_ws/devel/include/webots_ros/skin_get_bone_name.h
Symlinking /home/crumb/MEHATRONIKA/project_ws/devel/include/webots_ros/field_disable_sf_trackingRequest.h
Symlinking /home/crumb/MEHATRONIKA/project_ws/devel/include/webots_ros/node_get_parent_nodeRequest.h
Symlinking /home/crumb/MEHATRONIKA/project_ws/devel/include/webots_ros/node_set_velocity.h
Symlinking /home/crumb/MEHATRONIKA/project_ws/devel/include/webots_ros/get_uint64.h
Symlinking /home/crumb/MEHATRONIKA/project_ws/devel/include/webots_ros/node_get_name.h
Symlinking /home/crumb/MEHATRONIKA/project_ws/devel/include/webots_ros/display_draw_rectangleResponse.h
Symlinking /home/crumb/MEHATRONIKA/project_ws/devel/include/webots_ros/field_set_floatRequest.h
Symlinking /home/crumb/MEHATRONIKA/project_ws/devel/include/webots_ros/field_get_vec3fRequest.h
Symlinking /home/crumb/MEHATRONIKA/project_ws/devel/include/webots_ros/supervisor_get_from_defRequest.h
Symlinking /home/crumb/MEHATRONIKA/project_ws/devel/include/webots_ros/display_draw_rectangle.h
Symlinking /home/crumb/MEHATRONIKA/project_ws/devel/include/webots_ros/camera_get_infoResponse.h
Symlinking /home/crumb/MEHATRONIKA/project_ws/devel/include/webots_ros/Float64Stamped.h
Symlinking /home/crumb/MEHATRONIKA/project_ws/devel/include/webots_ros/display_draw_textRequest.h
Symlinking /home/crumb/MEHATRONIKA/project_ws/devel/include/webots_ros/node_removeResponse.h
Symlinking /home/crumb/MEHATRONIKA/project_ws/devel/include/webots_ros/field_get_boolRequest.h
Symlinking /home/crumb/MEHATRONIKA/project_ws/devel/include/webots_ros/field_get_name.h
Symlinking /home/crumb/MEHATRONIKA/project_ws/devel/include/webots_ros/set_intRequest.h
Symlinking /home/crumb/MEHATRONIKA/project_ws/devel/include/webots_ros/field_set_vec2f.h
Symlinking /home/crumb/MEHATRONIKA/project_ws/devel/include/webots_ros/display_draw_ovalRequest.h
Symlinking /home/crumb/MEHATRONIKA/project_ws/devel/include/webots_ros/display_image_load.h
Symlinking /home/crumb/MEHATRONIKA/project_ws/devel/include/webots_ros/robot_set_mode.h
Symlinking /home/crumb/MEHATRONIKA/project_ws/devel/include/webots_ros/get_boolResponse.h
Symlinking /home/crumb/MEHATRONIKA/project_ws/devel/include/webots_ros/skin_get_bone_nameRequest.h
Symlinking /home/crumb/MEHATRONIKA/project_ws/devel/include/webots_ros/robot_wait_for_user_input_eventRequest.h
Symlinking /home/crumb/MEHATRONIKA/project_ws/devel/include/webots_ros/node_get_field.h
Symlinking /home/crumb/MEHATRONIKA/project_ws/devel/include/webots_ros/field_get_countRequest.h
Symlinking /home/crumb/MEHATRONIKA/project_ws/devel/include/webots_ros/ContactPoint.h
Symlinking /home/crumb/MEHATRONIKA/project_ws/devel/include/webots_ros/field_set_rotation.h
Symlinking /home/crumb/MEHATRONIKA/project_ws/devel/include/webots_ros/supervisor_virtual_reality_headset_get_positionResponse.h
Symlinking /home/crumb/MEHATRONIKA/project_ws/devel/include/webots_ros/supervisor_movie_start_recording.h
Symlinking /home/crumb/MEHATRONIKA/project_ws/devel/include/webots_ros/supervisor_set_labelResponse.h
Symlinking /home/crumb/MEHATRONIKA/project_ws/devel/include/webots_ros/field_get_vec3f.h
Symlinking /home/crumb/MEHATRONIKA/project_ws/devel/include/webots_ros/set_float_arrayResponse.h
Symlinking /home/crumb/MEHATRONIKA/project_ws/devel/include/webots_ros/field_get_countResponse.h
Symlinking /home/crumb/MEHATRONIKA/project_ws/devel/include/webots_ros/field_get_vec3fResponse.h
Symlinking /home/crumb/MEHATRONIKA/project_ws/devel/include/webots_ros/display_image_deleteRequest.h
Symlinking /home/crumb/MEHATRONIKA/project_ws/devel/include/webots_ros/camera_get_focus_infoResponse.h
Symlinking /home/crumb/MEHATRONIKA/project_ws/devel/include/webots_ros/node_disable_contact_points_trackingRequest.h
Symlinking /home/crumb/MEHATRONIKA/project_ws/devel/include/webots_ros/field_import_node_from_stringResponse.h
Symlinking /home/crumb/MEHATRONIKA/project_ws/devel/include/webots_ros/camera_get_focus_info.h
Symlinking /home/crumb/MEHATRONIKA/project_ws/devel/include/webots_ros/node_reset_functionsRequest.h
Symlinking /home/crumb/MEHATRONIKA/project_ws/devel/include/webots_ros/motor_set_control_pidRequest.h
Symlinking /home/crumb/MEHATRONIKA/project_ws/devel/include/webots_ros/display_draw_lineResponse.h
Symlinking /home/crumb/MEHATRONIKA/project_ws/devel/include/webots_ros/field_get_typeResponse.h
Symlinking /home/crumb/MEHATRONIKA/project_ws/devel/include/webots_ros/display_draw_ovalResponse.h
Symlinking /home/crumb/MEHATRONIKA/project_ws/devel/include/webots_ros/field_get_int32.h
Symlinking /home/crumb/MEHATRONIKA/project_ws/devel/include/webots_ros/field_remove_node.h
Symlinking /home/crumb/MEHATRONIKA/project_ws/devel/include/webots_ros/camera_get_zoom_infoRequest.h
Symlinking /home/crumb/MEHATRONIKA/project_ws/devel/include/webots_ros/skin_get_bone_positionRequest.h
Symlinking /home/crumb/MEHATRONIKA/project_ws/devel/include/webots_ros/field_get_color.h
Symlinking /home/crumb/MEHATRONIKA/project_ws/devel/include/webots_ros/get_urdf.h
Symlinking /home/crumb/MEHATRONIKA/project_ws/devel/include/webots_ros/display_draw_lineRequest.h
Symlinking /home/crumb/MEHATRONIKA/project_ws/devel/include/webots_ros/node_get_statusRequest.h
Symlinking /home/crumb/MEHATRONIKA/project_ws/devel/include/webots_ros/speaker_speak.h
Symlinking /home/crumb/MEHATRONIKA/project_ws/devel/include/webots_ros/field_get_floatRequest.h
Symlinking /home/crumb/MEHATRONIKA/project_ws/devel/include/webots_ros/RecognitionObjects.h
Symlinking /home/crumb/MEHATRONIKA/project_ws/devel/include/webots_ros/camera_get_infoRequest.h
Symlinking /home/crumb/MEHATRONIKA/project_ws/devel/include/webots_ros/motor_set_control_pid.h
Symlinking /home/crumb/MEHATRONIKA/project_ws/devel/include/webots_ros/node_add_force_with_offsetRequest.h
Symlinking /home/crumb/MEHATRONIKA/project_ws/devel/include/webots_ros/supervisor_virtual_reality_headset_get_positionRequest.h
Symlinking /home/crumb/MEHATRONIKA/project_ws/devel/include/webots_ros/robot_get_device_listRequest.h
Symlinking /home/crumb/MEHATRONIKA/project_ws/devel/include/webots_ros/node_get_stringRequest.h
Symlinking /home/crumb/MEHATRONIKA/project_ws/devel/include/webots_ros/node_get_velocityRequest.h
Symlinking /home/crumb/MEHATRONIKA/project_ws/devel/include/webots_ros/lidar_get_frequency_info.h
Symlinking /home/crumb/MEHATRONIKA/project_ws/devel/include/webots_ros/supervisor_get_from_stringRequest.h
Symlinking /home/crumb/MEHATRONIKA/project_ws/devel/include/webots_ros/range_finder_get_info.h
Symlinking /home/crumb/MEHATRONIKA/project_ws/devel/include/webots_ros/field_get_colorRequest.h
Symlinking /home/crumb/MEHATRONIKA/project_ws/devel/include/webots_ros/display_image_copyResponse.h
Symlinking /home/crumb/MEHATRONIKA/project_ws/devel/include/webots_ros/display_image_loadResponse.h
Symlinking /home/crumb/MEHATRONIKA/project_ws/devel/include/webots_ros/supervisor_get_from_idRequest.h
Symlinking /home/crumb/MEHATRONIKA/project_ws/devel/include/webots_ros/node_get_fieldRequest.h
Symlinking /home/crumb/MEHATRONIKA/project_ws/devel/include/webots_ros/camera_get_zoom_infoResponse.h
Symlinking /home/crumb/MEHATRONIKA/project_ws/devel/include/webots_ros/node_add_force_with_offsetResponse.h
Symlinking /home/crumb/MEHATRONIKA/project_ws/devel/include/webots_ros/lidar_get_layer_point_cloud.h
Symlinking /home/crumb/MEHATRONIKA/project_ws/devel/include/webots_ros/set_floatRequest.h
Symlinking /home/crumb/MEHATRONIKA/project_ws/devel/include/webots_ros/node_get_status.h
Symlinking /home/crumb/MEHATRONIKA/project_ws/devel/include/webots_ros/speaker_play_soundResponse.h
Symlinking /home/crumb/MEHATRONIKA/project_ws/devel/include/webots_ros/speaker_speakResponse.h
Symlinking /home/crumb/MEHATRONIKA/project_ws/devel/include/webots_ros/node_move_viewpoint.h
Symlinking /home/crumb/MEHATRONIKA/project_ws/devel/include/webots_ros/pen_set_ink_colorRequest.h
Symlinking /home/crumb/MEHATRONIKA/project_ws/devel/include/webots_ros/node_get_static_balanceResponse.h
Symlinking /home/crumb/MEHATRONIKA/project_ws/devel/include/webots_ros/display_draw_polygon.h
Symlinking /home/crumb/MEHATRONIKA/project_ws/devel/include/webots_ros/gps_decimal_degrees_to_degrees_minutes_secondsResponse.h
Symlinking /home/crumb/MEHATRONIKA/project_ws/devel/include/webots_ros/set_stringResponse.h
Symlinking /home/crumb/MEHATRONIKA/project_ws/devel/include/webots_ros/receiver_get_emitter_directionResponse.h
Symlinking /home/crumb/MEHATRONIKA/project_ws/devel/include/webots_ros/display_set_font.h
Symlinking /home/crumb/MEHATRONIKA/project_ws/devel/include/webots_ros/get_float_arrayResponse.h
Symlinking /home/crumb/MEHATRONIKA/project_ws/devel/include/webots_ros/node_get_contact_pointsResponse.h
Symlinking /home/crumb/MEHATRONIKA/project_ws/devel/include/webots_ros/node_get_field_by_indexRequest.h
Symlinking /home/crumb/MEHATRONIKA/project_ws/devel/include/webots_ros/field_set_colorRequest.h
Symlinking /home/crumb/MEHATRONIKA/project_ws/devel/include/webots_ros/display_image_newResponse.h
Symlinking /home/crumb/MEHATRONIKA/project_ws/devel/include/webots_ros/node_enable_pose_tracking.h
Symlinking /home/crumb/MEHATRONIKA/project_ws/devel/include/webots_ros/set_int.h
Symlinking /home/crumb/MEHATRONIKA/project_ws/devel/include/webots_ros/get_urdfResponse.h
Symlinking /home/crumb/MEHATRONIKA/project_ws/devel/include/webots_ros/field_get_nameRequest.h
Symlinking /home/crumb/MEHATRONIKA/project_ws/devel/include/webots_ros/field_get_int32Request.h
Symlinking /home/crumb/MEHATRONIKA/project_ws/devel/include/webots_ros/skin_get_bone_orientationRequest.h
Symlinking /home/crumb/MEHATRONIKA/project_ws/devel/include/webots_ros/get_float_arrayRequest.h
Symlinking /home/crumb/MEHATRONIKA/project_ws/devel/include/webots_ros/set_intResponse.h
Symlinking /home/crumb/MEHATRONIKA/project_ws/devel/include/webots_ros/get_int.h
Symlinking /home/crumb/MEHATRONIKA/project_ws/devel/include/webots_ros/pen_set_ink_colorResponse.h
Symlinking /home/crumb/MEHATRONIKA/project_ws/devel/include/webots_ros/node_get_parent_node.h
Symlinking /home/crumb/MEHATRONIKA/project_ws/devel/include/webots_ros/display_image_loadRequest.h
Symlinking /home/crumb/MEHATRONIKA/project_ws/devel/include/webots_ros/node_get_poseRequest.h
Symlinking /home/crumb/MEHATRONIKA/project_ws/devel/include/webots_ros/get_floatResponse.h
Symlinking /home/crumb/MEHATRONIKA/project_ws/devel/include/webots_ros/camera_get_zoom_info.h
Symlinking /home/crumb/MEHATRONIKA/project_ws/devel/include/webots_ros/supervisor_movie_start_recordingResponse.h
Symlinking /home/crumb/MEHATRONIKA/project_ws/devel/include/webots_ros/node_get_center_of_mass.h
Symlinking /home/crumb/MEHATRONIKA/project_ws/devel/include/webots_ros/skin_get_bone_orientationResponse.h
Symlinking /home/crumb/MEHATRONIKA/project_ws/devel/include/webots_ros/speaker_play_soundRequest.h
Symlinking /home/crumb/MEHATRONIKA/project_ws/devel/include/webots_ros/range_finder_get_infoRequest.h
Symlinking /home/crumb/MEHATRONIKA/project_ws/devel/include/webots_ros/display_draw_pixelResponse.h
Symlinking /home/crumb/MEHATRONIKA/project_ws/devel/include/webots_ros/display_draw_oval.h
Symlinking /home/crumb/MEHATRONIKA/project_ws/devel/include/webots_ros/skin_get_bone_orientation.h
Symlinking /home/crumb/MEHATRONIKA/project_ws/devel/include/webots_ros/lidar_get_layer_point_cloudRequest.h
Symlinking /home/crumb/MEHATRONIKA/project_ws/devel/include/webots_ros/field_set_vec3fResponse.h
Symlinking /home/crumb/MEHATRONIKA/project_ws/devel/include/webots_ros/node_get_id.h
Symlinking /home/crumb/MEHATRONIKA/project_ws/devel/include/webots_ros/field_get_vec2fResponse.h
Symlinking /home/crumb/MEHATRONIKA/project_ws/devel/include/webots_ros/mouse_get_stateResponse.h
Symlinking /home/crumb/MEHATRONIKA/project_ws/devel/include/webots_ros/lidar_get_layer_point_cloudResponse.h
Symlinking /home/crumb/MEHATRONIKA/project_ws/devel/include/webots_ros/skin_set_bone_position.h
Symlinking /home/crumb/MEHATRONIKA/project_ws/devel/include/webots_ros/supervisor_get_from_def.h
Symlinking /home/crumb/MEHATRONIKA/project_ws/devel/include/webots_ros/RadarTarget.h
Symlinking /home/crumb/MEHATRONIKA/project_ws/devel/include/webots_ros/display_image_save.h
Symlinking /home/crumb/MEHATRONIKA/project_ws/devel/include/webots_ros/skin_get_bone_positionResponse.h
Symlinking /home/crumb/MEHATRONIKA/project_ws/devel/include/webots_ros/set_string.h
Symlinking /home/crumb/MEHATRONIKA/project_ws/devel/include/webots_ros/field_get_string.h
Symlinking /home/crumb/MEHATRONIKA/project_ws/devel/include/webots_ros/field_enable_sf_trackingResponse.h
Symlinking /home/crumb/MEHATRONIKA/project_ws/devel/include/webots_ros/display_draw_pixelRequest.h
Symlinking /home/crumb/MEHATRONIKA/project_ws/devel/include/webots_ros/save_imageResponse.h
Symlinking /home/crumb/MEHATRONIKA/project_ws/devel/include/webots_ros/field_get_boolResponse.h
Symlinking /home/crumb/MEHATRONIKA/project_ws/devel/include/webots_ros/field_remove_nodeRequest.h
Symlinking /home/crumb/MEHATRONIKA/project_ws/devel/include/webots_ros/field_get_bool.h
Symlinking /home/crumb/MEHATRONIKA/project_ws/devel/include/webots_ros/field_get_typeRequest.h
Symlinking /home/crumb/MEHATRONIKA/project_ws/devel/include/webots_ros/display_get_info.h
Symlinking /home/crumb/MEHATRONIKA/project_ws/devel/include/webots_ros/motor_set_control_pidResponse.h
Symlinking /home/crumb/MEHATRONIKA/project_ws/devel/include/webots_ros/field_set_color.h
Symlinking /home/crumb/MEHATRONIKA/project_ws/devel/include/webots_ros/robot_get_device_list.h
Symlinking /home/crumb/MEHATRONIKA/project_ws/devel/include/webots_ros/get_bool.h
Symlinking /home/crumb/MEHATRONIKA/project_ws/devel/include/webots_ros/node_get_positionResponse.h
Symlinking /home/crumb/MEHATRONIKA/project_ws/devel/include/webots_ros/camera_get_focus_infoRequest.h
Symlinking /home/crumb/MEHATRONIKA/project_ws/devel/include/webots_ros/Int8Stamped.h
Symlinking /home/crumb/MEHATRONIKA/project_ws/devel/include/webots_ros/node_set_stringRequest.h
Symlinking /home/crumb/MEHATRONIKA/project_ws/devel/include/webots_ros/node_get_statusResponse.h
Symlinking /home/crumb/MEHATRONIKA/project_ws/devel/include/webots_ros/display_image_delete.h
Symlinking /home/crumb/MEHATRONIKA/project_ws/devel/include/webots_ros/lidar_get_layer_range_image.h
Symlinking /home/crumb/MEHATRONIKA/project_ws/devel/include/webots_ros/field_get_vec2fRequest.h
Symlinking /home/crumb/MEHATRONIKA/project_ws/devel/include/webots_ros/node_get_pose.h
Symlinking /home/crumb/MEHATRONIKA/project_ws/devel/include/webots_ros/supervisor_virtual_reality_headset_get_position.h
Symlinking /home/crumb/MEHATRONIKA/project_ws/devel/include/webots_ros/get_intResponse.h
Symlinking /home/crumb/MEHATRONIKA/project_ws/devel/include/webots_ros/field_set_stringResponse.h
Symlinking /home/crumb/MEHATRONIKA/project_ws/devel/include/webots_ros/receiver_get_emitter_directionRequest.h
Symlinking /home/crumb/MEHATRONIKA/project_ws/devel/include/webots_ros/RecognitionObject.h
Symlinking /home/crumb/MEHATRONIKA/project_ws/devel/include/webots_ros/node_set_joint_position.h
Symlinking /home/crumb/MEHATRONIKA/project_ws/devel/include/webots_ros/gps_decimal_degrees_to_degrees_minutes_secondsRequest.h
Symlinking /home/crumb/MEHATRONIKA/project_ws/devel/include/webots_ros/range_finder_get_infoResponse.h
Symlinking /home/crumb/MEHATRONIKA/project_ws/devel/include/webots_ros/robot_set_modeRequest.h
Symlinking /home/crumb/MEHATRONIKA/project_ws/devel/include/webots_ros/node_set_visibility.h
Symlinking /home/crumb/MEHATRONIKA/project_ws/devel/include/webots_ros/Int32Stamped.h
Symlinking /home/crumb/MEHATRONIKA/project_ws/devel/include/webots_ros/node_set_joint_positionResponse.h
Symlinking /home/crumb/MEHATRONIKA/project_ws/devel/include/webots_ros/skin_set_bone_positionRequest.h
Symlinking /home/crumb/MEHATRONIKA/project_ws/devel/include/webots_ros/display_image_pasteRequest.h
Symlinking /home/crumb/MEHATRONIKA/project_ws/devel/include/webots_ros/get_float.h
Symlinking /home/crumb/MEHATRONIKA/project_ws/devel/include/webots_ros/node_get_fieldResponse.h
Symlinking /home/crumb/MEHATRONIKA/project_ws/devel/include/webots_ros/field_set_rotationRequest.h
Symlinking /home/crumb/MEHATRONIKA/project_ws/devel/include/webots_ros/field_set_colorResponse.h
Symlinking /home/crumb/MEHATRONIKA/project_ws/devel/include/webots_ros/display_get_infoResponse.h
Symlinking /home/crumb/MEHATRONIKA/project_ws/devel/include/webots_ros/node_set_joint_positionRequest.h
Symlinking /home/crumb/MEHATRONIKA/project_ws/devel/include/webots_ros/field_set_bool.h
Symlinking /home/crumb/MEHATRONIKA/project_ws/devel/include/webots_ros/field_set_boolResponse.h
Symlinking /home/crumb/MEHATRONIKA/project_ws/devel/include/webots_ros/display_image_copyRequest.h
Symlinking /home/crumb/MEHATRONIKA/project_ws/devel/include/webots_ros/node_disable_contact_points_tracking.h
Symlinking /home/crumb/MEHATRONIKA/project_ws/devel/include/webots_ros/save_imageRequest.h
Symlinking /home/crumb/MEHATRONIKA/project_ws/devel/include/webots_ros/lidar_get_frequency_infoResponse.h
Symlinking /home/crumb/MEHATRONIKA/project_ws/devel/include/webots_ros/display_image_saveResponse.h
Symlinking /home/crumb/MEHATRONIKA/project_ws/devel/include/webots_ros/node_enable_pose_trackingRequest.h
Symlinking /home/crumb/MEHATRONIKA/project_ws/devel/include/webots_ros/set_boolResponse.h
Symlinking /home/crumb/MEHATRONIKA/project_ws/devel/include/webots_ros/node_get_field_by_indexResponse.h
Symlinking /home/crumb/MEHATRONIKA/project_ws/devel/include/webots_ros/display_set_fontResponse.h
Symlinking /home/crumb/MEHATRONIKA/project_ws/devel/include/webots_ros/display_get_infoRequest.h
Symlinking /home/crumb/MEHATRONIKA/project_ws/devel/include/webots_ros/supervisor_virtual_reality_headset_get_orientation.h
Symlinking /home/crumb/MEHATRONIKA/project_ws/devel/include/webots_ros/node_reset_functions.h
Symlinking /home/crumb/MEHATRONIKA/project_ws/devel/include/webots_ros/lidar_get_info.h
Symlinking /home/crumb/MEHATRONIKA/project_ws/devel/include/webots_ros/get_floatRequest.h
Symlinking /home/crumb/MEHATRONIKA/project_ws/devel/include/webots_ros/node_get_string.h
Symlinking /home/crumb/MEHATRONIKA/project_ws/devel/include/webots_ros/field_removeRequest.h
Symlinking /home/crumb/MEHATRONIKA/project_ws/devel/include/webots_ros/node_get_position.h
Symlinking /home/crumb/MEHATRONIKA/project_ws/devel/include/webots_ros/node_enable_pose_trackingResponse.h
Symlinking /home/crumb/MEHATRONIKA/project_ws/devel/include/webots_ros/field_set_int32Request.h
Symlinking /home/crumb/MEHATRONIKA/project_ws/devel/include/webots_ros/node_get_velocityResponse.h
Symlinking /home/crumb/MEHATRONIKA/project_ws/devel/include/webots_ros/node_get_parent_nodeResponse.h
Symlinking /home/crumb/MEHATRONIKA/project_ws/devel/include/webots_ros/field_get_vec2f.h
Symlinking /home/crumb/MEHATRONIKA/project_ws/devel/include/webots_ros/mouse_get_stateRequest.h
Symlinking /home/crumb/MEHATRONIKA/project_ws/devel/include/webots_ros/field_set_int32Response.h
Symlinking /home/crumb/MEHATRONIKA/project_ws/devel/include/webots_ros/node_get_contact_points.h
Symlinking /home/crumb/MEHATRONIKA/project_ws/devel/include/webots_ros/set_stringRequest.h
Symlinking /home/crumb/MEHATRONIKA/project_ws/devel/include/webots_ros/field_get_type.h
Symlinking /home/crumb/MEHATRONIKA/project_ws/devel/include/webots_ros/node_get_typeRequest.h
Symlinking /home/crumb/MEHATRONIKA/project_ws/devel/include/webots_ros/supervisor_get_from_string.h
Symlinking /home/crumb/MEHATRONIKA/project_ws/devel/include/webots_ros/node_get_velocity.h
Symlinking /home/crumb/MEHATRONIKA/project_ws/devel/include/webots_ros/get_float_array.h
Symlinking /home/crumb/MEHATRONIKA/project_ws/devel/include/webots_ros/node_disable_pose_tracking.h
Symlinking /home/crumb/MEHATRONIKA/project_ws/devel/include/webots_ros/field_remove.h
Symlinking /home/crumb/MEHATRONIKA/project_ws/devel/include/webots_ros/field_enable_sf_tracking.h
Symlinking /home/crumb/MEHATRONIKA/project_ws/devel/include/webots_ros/node_get_orientation.h
Symlinking /home/crumb/MEHATRONIKA/project_ws/devel/include/webots_ros/node_get_idRequest.h
Symlinking /home/crumb/MEHATRONIKA/project_ws/devel/include/webots_ros/node_disable_pose_trackingRequest.h
Symlinking /home/crumb/MEHATRONIKA/project_ws/devel/include/webots_ros/speaker_play_sound.h
Symlinking /home/crumb/MEHATRONIKA/project_ws/devel/include/webots_ros/field_set_stringRequest.h
Symlinking /home/crumb/MEHATRONIKA/project_ws/devel/include/webots_ros/skin_set_bone_orientationResponse.h
Symlinking /home/crumb/MEHATRONIKA/project_ws/devel/include/webots_ros/skin_get_bone_position.h
Symlinking /home/crumb/MEHATRONIKA/project_ws/devel/include/webots_ros/skin_set_bone_orientation.h
Symlinking /home/crumb/MEHATRONIKA/project_ws/devel/include/webots_ros/lidar_get_layer_range_imageResponse.h
Symlinking /home/crumb/MEHATRONIKA/project_ws/devel/include/webots_ros/supervisor_get_from_defResponse.h
Symlinking /home/crumb/MEHATRONIKA/project_ws/devel/include/webots_ros/StringStamped.h
Symlinking /home/crumb/MEHATRONIKA/project_ws/devel/include/webots_ros/get_stringResponse.h
Symlinking /home/crumb/MEHATRONIKA/project_ws/devel/include/webots_ros/supervisor_virtual_reality_headset_get_orientationRequest.h
Symlinking /home/crumb/MEHATRONIKA/project_ws/devel/include/webots_ros/field_set_int32.h
Symlinking /home/crumb/MEHATRONIKA/project_ws/devel/include/webots_ros/set_float_arrayRequest.h
Symlinking /home/crumb/MEHATRONIKA/project_ws/devel/include/webots_ros/field_remove_nodeResponse.h
Symlinking /home/crumb/MEHATRONIKA/project_ws/devel/include/webots_ros/field_set_floatResponse.h
Symlinking /home/crumb/MEHATRONIKA/project_ws/devel/include/webots_ros/supervisor_get_from_stringResponse.h
Symlinking /home/crumb/MEHATRONIKA/project_ws/devel/include/webots_ros/get_boolRequest.h
Symlinking /home/crumb/MEHATRONIKA/project_ws/devel/include/webots_ros/node_set_velocityRequest.h
Symlinking /home/crumb/MEHATRONIKA/project_ws/devel/include/webots_ros/skin_get_bone_nameResponse.h
Symlinking /home/crumb/MEHATRONIKA/project_ws/devel/include/webots_ros/set_floatResponse.h
Symlinking /home/crumb/MEHATRONIKA/project_ws/devel/include/webots_ros/gps_decimal_degrees_to_degrees_minutes_seconds.h
Symlinking /home/crumb/MEHATRONIKA/project_ws/devel/include/webots_ros/receiver_get_emitter_direction.h
Symlinking /home/crumb/MEHATRONIKA/project_ws/devel/include/webots_ros/get_uint64Response.h
Symlinking /home/crumb/MEHATRONIKA/project_ws/devel/include/webots_ros/display_draw_textResponse.h
Symlinking /home/crumb/MEHATRONIKA/project_ws/devel/include/webots_ros/robot_wait_for_user_input_eventResponse.h
Symlinking /home/crumb/MEHATRONIKA/project_ws/devel/include/webots_ros/supervisor_get_from_idResponse.h
Symlinking /home/crumb/MEHATRONIKA/project_ws/devel/include/webots_ros/node_get_field_by_index.h
Symlinking /home/crumb/MEHATRONIKA/project_ws/devel/include/webots_ros/field_import_node_from_stringRequest.h
Symlinking /home/crumb/MEHATRONIKA/project_ws/devel/include/webots_ros/node_set_string.h
Symlinking /home/crumb/MEHATRONIKA/project_ws/devel/include/webots_ros/display_draw_pixel.h
Symlinking /home/crumb/MEHATRONIKA/project_ws/devel/include/webots_ros/supervisor_movie_start_recordingRequest.h
Symlinking /home/crumb/MEHATRONIKA/project_ws/devel/include/webots_ros/supervisor_set_labelRequest.h
Symlinking /home/crumb/MEHATRONIKA/project_ws/devel/include/webots_ros/set_bool.h
Symlinking /home/crumb/MEHATRONIKA/project_ws/devel/include/webots_ros/field_set_boolRequest.h
Symlinking /home/crumb/MEHATRONIKA/project_ws/devel/include/webots_ros/robot_wait_for_user_input_event.h
Symlinking /home/crumb/MEHATRONIKA/project_ws/devel/include/webots_ros/lidar_get_infoRequest.h
Symlinking /home/crumb/MEHATRONIKA/project_ws/devel/include/webots_ros/field_get_stringRequest.h
Symlinking /home/crumb/MEHATRONIKA/project_ws/devel/include/webots_ros/node_get_type.h
Symlinking /home/crumb/MEHATRONIKA/project_ws/devel/include/webots_ros/node_remove.h
Symlinking /home/crumb/MEHATRONIKA/project_ws/devel/include/webots_ros/field_set_vec3f.h
Symlinking /home/crumb/MEHATRONIKA/project_ws/devel/include/webots_ros/field_get_rotationRequest.h
Symlinking /home/crumb/MEHATRONIKA/project_ws/devel/include/webots_ros/supervisor_set_label.h
Symlinking /home/crumb/MEHATRONIKA/project_ws/devel/include/webots_ros/node_get_static_balanceRequest.h
Symlinking /home/crumb/MEHATRONIKA/project_ws/devel/include/webots_ros/field_get_nameResponse.h
Symlinking /home/crumb/MEHATRONIKA/project_ws/devel/include/webots_ros/node_get_orientationRequest.h
Symlinking /home/crumb/MEHATRONIKA/project_ws/devel/include/webots_ros/node_removeRequest.h
Symlinking /home/crumb/MEHATRONIKA/project_ws/devel/include/webots_ros/BoolStamped.h
Symlinking /home/crumb/MEHATRONIKA/project_ws/devel/include/webots_ros/display_image_newRequest.h
Symlinking /home/crumb/MEHATRONIKA/project_ws/devel/include/webots_ros/field_get_nodeRequest.h
Symlinking /home/crumb/MEHATRONIKA/project_ws/devel/include/webots_ros/display_draw_text.h
Symlinking /home/crumb/MEHATRONIKA/project_ws/devel/include/webots_ros/field_disable_sf_tracking.h
Symlinking /home/crumb/MEHATRONIKA/project_ws/devel/include/webots_ros/node_set_visibilityRequest.h
Symlinking /home/crumb/MEHATRONIKA/project_ws/devel/include/webots_ros/field_get_stringResponse.h
Symlinking /home/crumb/MEHATRONIKA/project_ws/devel/include/webots_ros/node_set_visibilityResponse.h
Symlinking /home/crumb/MEHATRONIKA/project_ws/devel/include/webots_ros/pen_set_ink_color.h
Symlinking /home/crumb/MEHATRONIKA/project_ws/devel/include/webots_ros/speaker_is_sound_playingRequest.h
Symlinking /home/crumb/MEHATRONIKA/project_ws/devel/include/webots_ros/field_get_floatResponse.h
Symlinking /home/crumb/MEHATRONIKA/project_ws/devel/include/webots_ros/set_float_array.h
Symlinking /home/crumb/MEHATRONIKA/project_ws/devel/include/webots_ros/field_get_node.h
Symlinking /home/crumb/MEHATRONIKA/project_ws/devel/include/webots_ros/field_set_vec2fRequest.h
Symlinking /home/crumb/MEHATRONIKA/project_ws/devel/include/webots_ros/display_image_copy.h
Symlinking /home/crumb/MEHATRONIKA/project_ws/devel/include/webots_ros/node_add_force_or_torqueRequest.h
Symlinking /home/crumb/MEHATRONIKA/project_ws/devel/include/webots_ros/node_get_number_of_fields.h
Symlinking /home/crumb/MEHATRONIKA/project_ws/devel/include/webots_ros/field_get_rotation.h
Symlinking /home/crumb/MEHATRONIKA/project_ws/devel/include/webots_ros/node_get_static_balance.h
Symlinking /home/crumb/MEHATRONIKA/project_ws/devel/include/webots_ros/speaker_is_sound_playing.h
Symlinking /home/crumb/MEHATRONIKA/project_ws/devel/include/webots_ros/display_draw_polygonRequest.h
Symlinking /home/crumb/MEHATRONIKA/project_ws/devel/include/webots_ros/display_image_paste.h
Symlinking /home/crumb/MEHATRONIKA/project_ws/devel/include/webots_ros/lidar_get_infoResponse.h
Symlinking /home/crumb/MEHATRONIKA/project_ws/devel/include/webots_ros/get_string.h
Symlinking /home/crumb/MEHATRONIKA/project_ws/devel/include/webots_ros/node_get_nameRequest.h
Symlinking /home/crumb/MEHATRONIKA/project_ws/devel/include/webots_ros/node_enable_contact_points_trackingRequest.h
Symlinking /home/crumb/MEHATRONIKA/project_ws/devel/include/webots_ros/node_get_positionRequest.h
Symlinking /home/crumb/MEHATRONIKA/project_ws/devel/include/webots_ros/save_image.h
Symlinking /home/crumb/MEHATRONIKA/project_ws/devel/include/webots_ros/field_get_colorResponse.h
Symlinking /home/crumb/MEHATRONIKA/project_ws/devel/include/webots_ros/mouse_get_state.h
Symlinking /home/crumb/MEHATRONIKA/project_ws/devel/include/webots_ros/node_get_contact_pointsRequest.h
Symlinking /home/crumb/MEHATRONIKA/project_ws/devel/include/webots_ros/node_get_typeResponse.h
Symlinking /home/crumb/MEHATRONIKA/project_ws/devel/include/webots_ros/field_get_count.h
Symlinking /home/crumb/MEHATRONIKA/project_ws/devel/include/webots_ros/field_import_node_from_string.h
Symlinking /home/crumb/MEHATRONIKA/project_ws/devel/include/webots_ros/display_image_pasteResponse.h
Symlinking /home/crumb/MEHATRONIKA/project_ws/devel/include/webots_ros/get_intRequest.h
Symlinking /home/crumb/MEHATRONIKA/project_ws/devel/include/webots_ros/node_get_idResponse.h
Symlinking /home/crumb/MEHATRONIKA/project_ws/devel/include/webots_ros/display_image_saveRequest.h
Symlinking /home/crumb/MEHATRONIKA/project_ws/devel/include/webots_ros/node_get_number_of_fieldsResponse.h
Symlinking /home/crumb/MEHATRONIKA/project_ws/devel/include/webots_ros/set_boolRequest.h
Symlinking /home/crumb/MEHATRONIKA/project_ws/devel/include/webots_ros/field_get_nodeResponse.h
Symlinking /home/crumb/MEHATRONIKA/project_ws/devel/include/webots_ros/node_enable_contact_points_trackingResponse.h
Symlinking /home/crumb/MEHATRONIKA/project_ws/devel/include/webots_ros/node_enable_contact_points_tracking.h
Symlinking /home/crumb/MEHATRONIKA/project_ws/devel/include/webots_ros/node_get_stringResponse.h
Symlinking /home/crumb/MEHATRONIKA/project_ws/devel/include/webots_ros/lidar_get_frequency_infoRequest.h
Symlinking /home/crumb/MEHATRONIKA/project_ws/devel/include/webots_ros/field_set_string.h
Symlinking /home/crumb/MEHATRONIKA/project_ws/devel/include/webots_ros/display_set_fontRequest.h
Symlinking /home/crumb/MEHATRONIKA/project_ws/devel/include/webots_ros/skin_set_bone_orientationRequest.h
Symlinking /home/crumb/MEHATRONIKA/project_ws/devel/include/webots_ros/skin_set_bone_positionResponse.h
Symlinking /home/crumb/MEHATRONIKA/project_ws/devel/include/webots_ros/speaker_speakRequest.h
Symlinking /home/crumb/MEHATRONIKA/project_ws/devel/include/webots_ros/node_get_number_of_fieldsRequest.h
Symlinking /home/crumb/MEHATRONIKA/project_ws/devel/include/webots_ros/field_removeResponse.h
Symlinking /home/crumb/MEHATRONIKA/project_ws/devel/include/webots_ros/get_urdfRequest.h
Symlinking /home/crumb/MEHATRONIKA/project_ws/devel/include/webots_ros/node_disable_contact_points_trackingResponse.h
Symlinking /home/crumb/MEHATRONIKA/project_ws/devel/include/webots_ros/node_add_force_or_torqueResponse.h
Symlinking /home/crumb/MEHATRONIKA/project_ws/devel/include/webots_ros/display_draw_polygonResponse.h
Symlinking /home/crumb/MEHATRONIKA/project_ws/devel/include/webots_ros/get_uint64Request.h
Symlinking /home/crumb/MEHATRONIKA/project_ws/devel/include/webots_ros/node_get_nameResponse.h
Symlinking /home/crumb/MEHATRONIKA/project_ws/devel/include/webots_ros/node_set_stringResponse.h
Symlinking /home/crumb/MEHATRONIKA/project_ws/devel/include/webots_ros/display_image_new.h
Symlinking /home/crumb/MEHATRONIKA/project_ws/devel/include/webots_ros/display_draw_line.h
Symlinking /home/crumb/MEHATRONIKA/project_ws/devel/include/webots_ros/field_enable_sf_trackingRequest.h
Symlinking /home/crumb/MEHATRONIKA/project_ws/devel/lib/webots_ros/ros_python.py
Symlinking /home/crumb/MEHATRONIKA/project_ws/devel/lib/webots_ros/webots_launcher.py
Symlinking /home/crumb/MEHATRONIKA/project_ws/devel/lib/webots_ros/ros_controller.py
Symlinking /home/crumb/MEHATRONIKA/project_ws/devel/lib/webots_ros/catch_the_bird
Symlinking /home/crumb/MEHATRONIKA/project_ws/devel/lib/webots_ros/complete_test
Symlinking /home/crumb/MEHATRONIKA/project_ws/devel/lib/webots_ros/robot_information_parser
Symlinking /home/crumb/MEHATRONIKA/project_ws/devel/lib/webots_ros/keyboard_teleop
Symlinking /home/crumb/MEHATRONIKA/project_ws/devel/lib/webots_ros/e_puck_line
Symlinking /home/crumb/MEHATRONIKA/project_ws/devel/lib/webots_ros/panoramic_view_recorder
Symlinking /home/crumb/MEHATRONIKA/project_ws/devel/lib/python3/dist-packages/webots_ros/__init__.py
Symlinking /home/crumb/MEHATRONIKA/project_ws/devel/lib/python3/dist-packages/webots_ros/msg/_ContactPoint.py
Symlinking /home/crumb/MEHATRONIKA/project_ws/devel/lib/python3/dist-packages/webots_ros/msg/_RadarTarget.py
Symlinking /home/crumb/MEHATRONIKA/project_ws/devel/lib/python3/dist-packages/webots_ros/msg/_Float64Stamped.py
Symlinking /home/crumb/MEHATRONIKA/project_ws/devel/lib/python3/dist-packages/webots_ros/msg/_BoolStamped.py
Symlinking /home/crumb/MEHATRONIKA/project_ws/devel/lib/python3/dist-packages/webots_ros/msg/_StringStamped.py
Symlinking /home/crumb/MEHATRONIKA/project_ws/devel/lib/python3/dist-packages/webots_ros/msg/_Int32Stamped.py
Symlinking /home/crumb/MEHATRONIKA/project_ws/devel/lib/python3/dist-packages/webots_ros/msg/__init__.py
Symlinking /home/crumb/MEHATRONIKA/project_ws/devel/lib/python3/dist-packages/webots_ros/msg/_Int8Stamped.py
Symlinking /home/crumb/MEHATRONIKA/project_ws/devel/lib/python3/dist-packages/webots_ros/msg/_RecognitionObjects.py
Symlinking /home/crumb/MEHATRONIKA/project_ws/devel/lib/python3/dist-packages/webots_ros/msg/_RecognitionObject.py
Symlinking /home/crumb/MEHATRONIKA/project_ws/devel/lib/python3/dist-packages/webots_ros/srv/_display_draw_oval.py
Symlinking /home/crumb/MEHATRONIKA/project_ws/devel/lib/python3/dist-packages/webots_ros/srv/_supervisor_get_from_def.py
Symlinking /home/crumb/MEHATRONIKA/project_ws/devel/lib/python3/dist-packages/webots_ros/srv/_camera_get_info.py
Symlinking /home/crumb/MEHATRONIKA/project_ws/devel/lib/python3/dist-packages/webots_ros/srv/_node_set_visibility.py
Symlinking /home/crumb/MEHATRONIKA/project_ws/devel/lib/python3/dist-packages/webots_ros/srv/_supervisor_virtual_reality_headset_get_position.py
Symlinking /home/crumb/MEHATRONIKA/project_ws/devel/lib/python3/dist-packages/webots_ros/srv/_display_draw_text.py
Symlinking /home/crumb/MEHATRONIKA/project_ws/devel/lib/python3/dist-packages/webots_ros/srv/_field_remove_node.py
Symlinking /home/crumb/MEHATRONIKA/project_ws/devel/lib/python3/dist-packages/webots_ros/srv/_get_string.py
Symlinking /home/crumb/MEHATRONIKA/project_ws/devel/lib/python3/dist-packages/webots_ros/srv/_supervisor_set_label.py
Symlinking /home/crumb/MEHATRONIKA/project_ws/devel/lib/python3/dist-packages/webots_ros/srv/_node_get_contact_points.py
Symlinking /home/crumb/MEHATRONIKA/project_ws/devel/lib/python3/dist-packages/webots_ros/srv/_lidar_get_layer_point_cloud.py
Symlinking /home/crumb/MEHATRONIKA/project_ws/devel/lib/python3/dist-packages/webots_ros/srv/_display_set_font.py
Symlinking /home/crumb/MEHATRONIKA/project_ws/devel/lib/python3/dist-packages/webots_ros/srv/_display_image_copy.py
Symlinking /home/crumb/MEHATRONIKA/project_ws/devel/lib/python3/dist-packages/webots_ros/srv/_pen_set_ink_color.py
Symlinking /home/crumb/MEHATRONIKA/project_ws/devel/lib/python3/dist-packages/webots_ros/srv/_node_get_number_of_fields.py
Symlinking /home/crumb/MEHATRONIKA/project_ws/devel/lib/python3/dist-packages/webots_ros/srv/_node_get_velocity.py
Symlinking /home/crumb/MEHATRONIKA/project_ws/devel/lib/python3/dist-packages/webots_ros/srv/_field_set_color.py
Symlinking /home/crumb/MEHATRONIKA/project_ws/devel/lib/python3/dist-packages/webots_ros/srv/_speaker_is_sound_playing.py
Symlinking /home/crumb/MEHATRONIKA/project_ws/devel/lib/python3/dist-packages/webots_ros/srv/_field_get_rotation.py
Symlinking /home/crumb/MEHATRONIKA/project_ws/devel/lib/python3/dist-packages/webots_ros/srv/_robot_get_device_list.py
Symlinking /home/crumb/MEHATRONIKA/project_ws/devel/lib/python3/dist-packages/webots_ros/srv/_get_urdf.py
Symlinking /home/crumb/MEHATRONIKA/project_ws/devel/lib/python3/dist-packages/webots_ros/srv/_field_set_bool.py
Symlinking /home/crumb/MEHATRONIKA/project_ws/devel/lib/python3/dist-packages/webots_ros/srv/_receiver_get_emitter_direction.py
Symlinking /home/crumb/MEHATRONIKA/project_ws/devel/lib/python3/dist-packages/webots_ros/srv/_field_set_rotation.py
Symlinking /home/crumb/MEHATRONIKA/project_ws/devel/lib/python3/dist-packages/webots_ros/srv/_display_draw_line.py
Symlinking /home/crumb/MEHATRONIKA/project_ws/devel/lib/python3/dist-packages/webots_ros/srv/_node_get_string.py
Symlinking /home/crumb/MEHATRONIKA/project_ws/devel/lib/python3/dist-packages/webots_ros/srv/_node_add_force_or_torque.py
Symlinking /home/crumb/MEHATRONIKA/project_ws/devel/lib/python3/dist-packages/webots_ros/srv/_get_float_array.py
Symlinking /home/crumb/MEHATRONIKA/project_ws/devel/lib/python3/dist-packages/webots_ros/srv/_gps_decimal_degrees_to_degrees_minutes_seconds.py
Symlinking /home/crumb/MEHATRONIKA/project_ws/devel/lib/python3/dist-packages/webots_ros/srv/_node_set_string.py
Symlinking /home/crumb/MEHATRONIKA/project_ws/devel/lib/python3/dist-packages/webots_ros/srv/_node_get_parent_node.py
Symlinking /home/crumb/MEHATRONIKA/project_ws/devel/lib/python3/dist-packages/webots_ros/srv/_supervisor_get_from_id.py
Symlinking /home/crumb/MEHATRONIKA/project_ws/devel/lib/python3/dist-packages/webots_ros/srv/_lidar_get_layer_range_image.py
Symlinking /home/crumb/MEHATRONIKA/project_ws/devel/lib/python3/dist-packages/webots_ros/srv/_display_draw_pixel.py
Symlinking /home/crumb/MEHATRONIKA/project_ws/devel/lib/python3/dist-packages/webots_ros/srv/_lidar_get_frequency_info.py
Symlinking /home/crumb/MEHATRONIKA/project_ws/devel/lib/python3/dist-packages/webots_ros/srv/_node_get_field_by_index.py
Symlinking /home/crumb/MEHATRONIKA/project_ws/devel/lib/python3/dist-packages/webots_ros/srv/_node_get_type.py
Symlinking /home/crumb/MEHATRONIKA/project_ws/devel/lib/python3/dist-packages/webots_ros/srv/_set_string.py
Symlinking /home/crumb/MEHATRONIKA/project_ws/devel/lib/python3/dist-packages/webots_ros/srv/_node_get_position.py
Symlinking /home/crumb/MEHATRONIKA/project_ws/devel/lib/python3/dist-packages/webots_ros/srv/_camera_get_focus_info.py
Symlinking /home/crumb/MEHATRONIKA/project_ws/devel/lib/python3/dist-packages/webots_ros/srv/_skin_get_bone_position.py
Symlinking /home/crumb/MEHATRONIKA/project_ws/devel/lib/python3/dist-packages/webots_ros/srv/_field_get_color.py
Symlinking /home/crumb/MEHATRONIKA/project_ws/devel/lib/python3/dist-packages/webots_ros/srv/_field_set_string.py
Symlinking /home/crumb/MEHATRONIKA/project_ws/devel/lib/python3/dist-packages/webots_ros/srv/_set_int.py
Symlinking /home/crumb/MEHATRONIKA/project_ws/devel/lib/python3/dist-packages/webots_ros/srv/_node_get_pose.py
Symlinking /home/crumb/MEHATRONIKA/project_ws/devel/lib/python3/dist-packages/webots_ros/srv/_node_get_field.py
Symlinking /home/crumb/MEHATRONIKA/project_ws/devel/lib/python3/dist-packages/webots_ros/srv/_field_remove.py
Symlinking /home/crumb/MEHATRONIKA/project_ws/devel/lib/python3/dist-packages/webots_ros/srv/_node_reset_functions.py
Symlinking /home/crumb/MEHATRONIKA/project_ws/devel/lib/python3/dist-packages/webots_ros/srv/_display_draw_polygon.py
Symlinking /home/crumb/MEHATRONIKA/project_ws/devel/lib/python3/dist-packages/webots_ros/srv/_display_image_new.py
Symlinking /home/crumb/MEHATRONIKA/project_ws/devel/lib/python3/dist-packages/webots_ros/srv/_speaker_play_sound.py
Symlinking /home/crumb/MEHATRONIKA/project_ws/devel/lib/python3/dist-packages/webots_ros/srv/_supervisor_get_from_string.py
Symlinking /home/crumb/MEHATRONIKA/project_ws/devel/lib/python3/dist-packages/webots_ros/srv/_node_add_force_with_offset.py
Symlinking /home/crumb/MEHATRONIKA/project_ws/devel/lib/python3/dist-packages/webots_ros/srv/_node_get_name.py
Symlinking /home/crumb/MEHATRONIKA/project_ws/devel/lib/python3/dist-packages/webots_ros/srv/_node_set_velocity.py
Symlinking /home/crumb/MEHATRONIKA/project_ws/devel/lib/python3/dist-packages/webots_ros/srv/_set_float.py
Symlinking /home/crumb/MEHATRONIKA/project_ws/devel/lib/python3/dist-packages/webots_ros/srv/_motor_set_control_pid.py
Symlinking /home/crumb/MEHATRONIKA/project_ws/devel/lib/python3/dist-packages/webots_ros/srv/_field_import_node_from_string.py
Symlinking /home/crumb/MEHATRONIKA/project_ws/devel/lib/python3/dist-packages/webots_ros/srv/_get_bool.py
Symlinking /home/crumb/MEHATRONIKA/project_ws/devel/lib/python3/dist-packages/webots_ros/srv/_node_set_joint_position.py
Symlinking /home/crumb/MEHATRONIKA/project_ws/devel/lib/python3/dist-packages/webots_ros/srv/_camera_get_zoom_info.py
Symlinking /home/crumb/MEHATRONIKA/project_ws/devel/lib/python3/dist-packages/webots_ros/srv/_display_get_info.py
Symlinking /home/crumb/MEHATRONIKA/project_ws/devel/lib/python3/dist-packages/webots_ros/srv/_display_image_save.py
Symlinking /home/crumb/MEHATRONIKA/project_ws/devel/lib/python3/dist-packages/webots_ros/srv/_mouse_get_state.py
Symlinking /home/crumb/MEHATRONIKA/project_ws/devel/lib/python3/dist-packages/webots_ros/srv/_node_get_orientation.py
Symlinking /home/crumb/MEHATRONIKA/project_ws/devel/lib/python3/dist-packages/webots_ros/srv/_node_disable_pose_tracking.py
Symlinking /home/crumb/MEHATRONIKA/project_ws/devel/lib/python3/dist-packages/webots_ros/srv/_field_set_float.py
Symlinking /home/crumb/MEHATRONIKA/project_ws/devel/lib/python3/dist-packages/webots_ros/srv/_node_get_center_of_mass.py
Symlinking /home/crumb/MEHATRONIKA/project_ws/devel/lib/python3/dist-packages/webots_ros/srv/_range_finder_get_info.py
Symlinking /home/crumb/MEHATRONIKA/project_ws/devel/lib/python3/dist-packages/webots_ros/srv/_skin_get_bone_orientation.py
Symlinking /home/crumb/MEHATRONIKA/project_ws/devel/lib/python3/dist-packages/webots_ros/srv/_field_get_float.py
Symlinking /home/crumb/MEHATRONIKA/project_ws/devel/lib/python3/dist-packages/webots_ros/srv/_node_get_static_balance.py
Symlinking /home/crumb/MEHATRONIKA/project_ws/devel/lib/python3/dist-packages/webots_ros/srv/_node_get_id.py
Symlinking /home/crumb/MEHATRONIKA/project_ws/devel/lib/python3/dist-packages/webots_ros/srv/_supervisor_movie_start_recording.py
Symlinking /home/crumb/MEHATRONIKA/project_ws/devel/lib/python3/dist-packages/webots_ros/srv/_field_enable_sf_tracking.py
Symlinking /home/crumb/MEHATRONIKA/project_ws/devel/lib/python3/dist-packages/webots_ros/srv/_field_get_bool.py
Symlinking /home/crumb/MEHATRONIKA/project_ws/devel/lib/python3/dist-packages/webots_ros/srv/_field_get_vec2f.py
Symlinking /home/crumb/MEHATRONIKA/project_ws/devel/lib/python3/dist-packages/webots_ros/srv/__init__.py
Symlinking /home/crumb/MEHATRONIKA/project_ws/devel/lib/python3/dist-packages/webots_ros/srv/_display_image_paste.py
Symlinking /home/crumb/MEHATRONIKA/project_ws/devel/lib/python3/dist-packages/webots_ros/srv/_node_move_viewpoint.py
Symlinking /home/crumb/MEHATRONIKA/project_ws/devel/lib/python3/dist-packages/webots_ros/srv/_save_image.py
Symlinking /home/crumb/MEHATRONIKA/project_ws/devel/lib/python3/dist-packages/webots_ros/srv/_field_set_int32.py
Symlinking /home/crumb/MEHATRONIKA/project_ws/devel/lib/python3/dist-packages/webots_ros/srv/_set_bool.py
Symlinking /home/crumb/MEHATRONIKA/project_ws/devel/lib/python3/dist-packages/webots_ros/srv/_field_get_vec3f.py
Symlinking /home/crumb/MEHATRONIKA/project_ws/devel/lib/python3/dist-packages/webots_ros/srv/_supervisor_virtual_reality_headset_get_orientation.py
Symlinking /home/crumb/MEHATRONIKA/project_ws/devel/lib/python3/dist-packages/webots_ros/srv/_node_enable_pose_tracking.py
Symlinking /home/crumb/MEHATRONIKA/project_ws/devel/lib/python3/dist-packages/webots_ros/srv/_get_uint64.py
Symlinking /home/crumb/MEHATRONIKA/project_ws/devel/lib/python3/dist-packages/webots_ros/srv/_skin_get_bone_name.py
Symlinking /home/crumb/MEHATRONIKA/project_ws/devel/lib/python3/dist-packages/webots_ros/srv/_field_get_string.py
Symlinking /home/crumb/MEHATRONIKA/project_ws/devel/lib/python3/dist-packages/webots_ros/srv/_robot_wait_for_user_input_event.py
Symlinking /home/crumb/MEHATRONIKA/project_ws/devel/lib/python3/dist-packages/webots_ros/srv/_field_get_name.py
Symlinking /home/crumb/MEHATRONIKA/project_ws/devel/lib/python3/dist-packages/webots_ros/srv/_get_float.py
Symlinking /home/crumb/MEHATRONIKA/project_ws/devel/lib/python3/dist-packages/webots_ros/srv/_skin_set_bone_position.py
Symlinking /home/crumb/MEHATRONIKA/project_ws/devel/lib/python3/dist-packages/webots_ros/srv/_node_get_status.py
Symlinking /home/crumb/MEHATRONIKA/project_ws/devel/lib/python3/dist-packages/webots_ros/srv/_lidar_get_info.py
Symlinking /home/crumb/MEHATRONIKA/project_ws/devel/lib/python3/dist-packages/webots_ros/srv/_get_int.py
Symlinking /home/crumb/MEHATRONIKA/project_ws/devel/lib/python3/dist-packages/webots_ros/srv/_node_disable_contact_points_tracking.py
Symlinking /home/crumb/MEHATRONIKA/project_ws/devel/lib/python3/dist-packages/webots_ros/srv/_field_set_vec3f.py
Symlinking /home/crumb/MEHATRONIKA/project_ws/devel/lib/python3/dist-packages/webots_ros/srv/_skin_set_bone_orientation.py
Symlinking /home/crumb/MEHATRONIKA/project_ws/devel/lib/python3/dist-packages/webots_ros/srv/_display_image_load.py
Symlinking /home/crumb/MEHATRONIKA/project_ws/devel/lib/python3/dist-packages/webots_ros/srv/_field_get_node.py
Symlinking /home/crumb/MEHATRONIKA/project_ws/devel/lib/python3/dist-packages/webots_ros/srv/_field_disable_sf_tracking.py
Symlinking /home/crumb/MEHATRONIKA/project_ws/devel/lib/python3/dist-packages/webots_ros/srv/_field_get_count.py
Symlinking /home/crumb/MEHATRONIKA/project_ws/devel/lib/python3/dist-packages/webots_ros/srv/_speaker_speak.py
Symlinking /home/crumb/MEHATRONIKA/project_ws/devel/lib/python3/dist-packages/webots_ros/srv/_node_remove.py
Symlinking /home/crumb/MEHATRONIKA/project_ws/devel/lib/python3/dist-packages/webots_ros/srv/_field_set_vec2f.py
Symlinking /home/crumb/MEHATRONIKA/project_ws/devel/lib/python3/dist-packages/webots_ros/srv/_robot_set_mode.py
Symlinking /home/crumb/MEHATRONIKA/project_ws/devel/lib/python3/dist-packages/webots_ros/srv/_field_get_type.py
Symlinking /home/crumb/MEHATRONIKA/project_ws/devel/lib/python3/dist-packages/webots_ros/srv/_set_float_array.py
Symlinking /home/crumb/MEHATRONIKA/project_ws/devel/lib/python3/dist-packages/webots_ros/srv/_field_get_int32.py
Symlinking /home/crumb/MEHATRONIKA/project_ws/devel/lib/python3/dist-packages/webots_ros/srv/_display_image_delete.py
Symlinking /home/crumb/MEHATRONIKA/project_ws/devel/lib/python3/dist-packages/webots_ros/srv/_display_draw_rectangle.py
Symlinking /home/crumb/MEHATRONIKA/project_ws/devel/lib/python3/dist-packages/webots_ros/srv/_node_enable_contact_points_tracking.py
Symlinking /home/crumb/MEHATRONIKA/project_ws/devel/lib/pkgconfig/webots_ros.pc
